accession,mirna_id,mature_sequence,situation,family,curation_status,paralog_group_id,chr_scaf,strand,start_genomic,end_genomic,precursor_length,mfe,amfe,tier_classification,classification_reason,family_consensus,best_hit_id,pident,evalue,bitscore
1,Chr01_850,CGACUUGAACCAUGUGGAAU,novel,miR5255.0,union_curated,,Chr01,+,20639037,20639120,83,-27.2,-32.77,novel_single_study,randfold=yes;miRBase_ref=mtr-miR5255,,,,,
2,Chr01_1229,UUGAGCCGUGCCAAUAUCGCG,novel,miR171.0,union_curated,,Chr01,+,31463984,31464066,82,-43.2,-52.68,novel_multi_study_replicated,randfold=yes;miRBase_ref=ath-miR171b-3p,,,,,
3,Chr01_1680,UGAUUGAAGACGACCUUGGC,novel,miR11149.0,union_curated,1,Chr01,-,2559037,2559106,69,-23.1,-33.48,novel_multi_study_replicated,randfold=yes;miRBase_ref=lja-miR11149a-3p,,,,,
4,Chr01_1685,UUGGAUGUCUUCAAGGAAAC,novel,,union_curated,2,Chr01,-,2564125,2564194,69,-21.8,-31.59,novel_single_study,randfold=yes,,,,,
5,Chr01_1896,UGAUUGAAGACGACCUUGGCA,novel,miR11149.0,union_curated,1,Chr01,-,2602030,2602100,70,-23.0,-32.86,novel_multi_study_replicated,randfold=yes;miRBase_ref=lja-miR11149a-3p,,,,,
6,Chr01_2889,CGUGAUAUUGGUCCGGCUCAUC,novel,miR171.0,union_curated,3,Chr01,-,29304672,29304759,87,-34.0,-39.08,novel_multi_study_replicated,randfold=yes;miRBase_ref=ptc-miR171l-5p,,,,,
7,Chr01_2891,CGUGAUAUUGGUCCGGCUCAUC,novel,miR171.0,union_curated,3,Chr01,-,29315381,29315468,87,-35.0,-40.23,novel_multi_study_replicated,randfold=yes;miRBase_ref=ptc-miR171l-5p,,,,,
8,Chr02_5696,ACUCUCCCUCAAAGACUUCCA,novel,miR477.0,union_curated,,Chr02,+,56892699,56892774,75,-35.9,-47.87,novel_single_study,randfold=yes;miRBase_ref=ptc-miR477e-5p,,,,,
9,Chr02_5754,AAGCUCAGGAGGGAUAGCGC,novel,miR390.0,union_curated,4,Chr02,+,59162523,59162593,70,-38.4,-54.86,novel_multi_study_replicated,randfold=yes;miRBase_ref=ath-miR390a-5p,,,,,
10,Chr02_8243,CUCAACCUUGGUGGGCCACU,novel,miR5139.0,union_curated,,Chr02,-,55723044,55723126,82,-65.6,-80.0,novel_single_study,randfold=yes;miRBase_ref=aof-miR5139b,,,,,
11,Chr03_9415,UUGAGCCGCGCCAAUAUCAC,novel,miR171.0,union_curated,,Chr03,+,24078014,24078097,83,-36.9,-44.46,novel_multi_study_replicated,randfold=yes;miRBase_ref=ath-miR171b-3p,,,,,
12,Chr03_12234,CAGCCAAGGAUGACUUGCCG,novel,miR169.0,union_curated,5,Chr03,-,894859,894941,82,-40.2,-49.02,novel_single_study,randfold=yes;miRBase_ref=ath-miR169a-5p,,,,,
13,Chr03_12134,GUUCAAGAAAGCUGUGGAAAA,novel,miR396.0,union_curated,,Chr03,-,24104017,24104090,73,-36.6,-50.14,novel_single_study,randfold=yes;miRBase_ref=zma-miR396g-3p,,,,,
14,Chr03_14086,CAGCCAAGGAUGACUUGCCG,novel,miR169.0,union_curated,5,Chr03,-,39376614,39376695,81,-40.9,-50.49,novel_single_study,randfold=yes;miRBase_ref=ath-miR169a-5p,,,,,
15,Chr03_14181,CAGCCAAGAAUGGCUUGCCG,novel,miR169.0,union_curated,,Chr03,-,42345941,42346014,73,-35.0,-47.95,novel_single_study,randfold=yes;miRBase_ref=ath-miR169a-5p,,,,,
16,Chr05_18368,UCUCUCCCUCAAAGACUUCCG,novel,miR477.0,union_curated,,Chr05,+,8969773,8969842,69,-41.5,-60.14,novel_multi_study_replicated,randfold=yes;miRBase_ref=ptc-miR477e-5p,,,,,
17,Chr05_17624,UGCCUGGCUCCCUGUAUGCCA,novel,miR160.0,union_curated,6,Chr05,+,30521126,30521213,87,-43.7,-50.23,novel_single_study,randfold=yes;miRBase_ref=ath-miR160a-5p,,,,,
18,Chr05_19932,CGCCAAAGGAGAAUUGCCCU,novel,miR399.0,union_curated,7,Chr05,+,44639195,44639277,82,-43.8,-53.41,novel_single_study,randfold=yes;miRBase_ref=ath-miR399a,,,,,
19,Chr05_19934,GUGCGGUUCUCCUUUGGCAA,novel,miR399.0,union_curated,,Chr05,+,44644491,44644573,82,-35.1,-42.8,novel_single_study,randfold=yes;miRBase_ref=zma-miR399a-5p,,,,,
20,Chr05_20206,CGCCAAAGGAGAAUUGCCCU,novel,miR399.0,union_curated,7,Chr05,+,48593352,48593434,82,-43.8,-53.41,novel_single_study,randfold=yes;miRBase_ref=ath-miR399a,,,,,
21,Chr05_20208,CGCCAAAGGAGAAUUGCCCU,novel,miR399.0,union_curated,7,Chr05,+,48600112,48600195,83,-35.2,-42.41,novel_single_study,randfold=yes;miRBase_ref=ath-miR399a,,,,,
22,Chr05_20214,CGCCAAAGGAGAAUUGCCCU,novel,miR399.0,union_curated,7,Chr05,+,48677192,48677275,83,-35.0,-42.17,novel_single_study,randfold=yes;miRBase_ref=ath-miR399a,,,,,
23,Chr05_19036,AAUCGAAGUAGGUUGUGGGUGC,novel,,union_curated,8,Chr05,+,55618304,55618389,85,-27.8,-32.71,novel_single_study,randfold=yes,,,,,
24,Chr05_23089,CGCCAAAGGAGAAUUGCCCU,novel,miR399.0,union_curated,7,Chr05,-,48423416,48423505,89,-48.8,-54.83,novel_single_study,randfold=yes;miRBase_ref=ath-miR399a,,,,,
25,Chr05_23094,CGCCAAGGGAGAAUUGCCCU,novel,miR169.0,union_curated,9,Chr05,-,48447408,48447497,89,-52.1,-58.54,novel_single_study,randfold=yes;miRBase_ref=gma-miR169e,,,,,
26,Chr05_23096,CGCCAAGGGAGAAUUGCCCU,novel,miR169.0,union_curated,9,Chr05,-,48460897,48460986,89,-49.4,-55.51,novel_single_study,randfold=yes;miRBase_ref=gma-miR169e,,,,,
27,Chr05_23098,CGCCAAGGGAGAAUUGCCCU,novel,miR169.0,union_curated,9,Chr05,-,48517121,48517210,89,-58.0,-65.17,novel_single_study,randfold=yes;miRBase_ref=gma-miR169e,,,,,
28,Chr05_23099,UGCCAAAGGAGAAUUGCCCU,novel,miR399.0,union_curated,,Chr05,-,48704554,48704616,62,-33.4,-53.87,novel_single_study,randfold=yes;miRBase_ref=ath-miR399a,,,,,
29,Chr05_21615,AAUCGAAGUAGGUUGUGGGUGC,novel,,union_curated,8,Chr05,-,54860380,54860465,85,-28.1,-33.06,novel_single_study,randfold=yes,,,,,
30,Chr06_22113,GCUCUCUCUUCUUCCGUCACC,novel,miR1029.0,union_curated,,Chr06,+,26961565,26961650,85,-44.1,-51.88,novel_single_study,randfold=yes;miRBase_ref=ppt-miR1029,,,,,
31,Chr06_24996,UUCCCUCAAAGGCUUCCGGU,novel,,union_curated,,Chr06,+,37126062,37126125,63,-28.5,-45.24,novel_single_study,randfold=yes,,,,,
32,Chr06_24998,AUUGGUUGCAUCUGAGGGAU,novel,miR8717.0,union_curated,10,Chr06,+,37126193,37126254,61,-35.5,-58.2,novel_single_study,randfold=yes;miRBase_ref=gra-miR8717,,,,,
33,Chr07_27100,GUUAUUGACGUCAAGAGAUCGA,novel,miR2677.0,union_curated,,Chr07,+,12191880,12191963,83,-25.8,-31.08,novel_single_study,randfold=yes;miRBase_ref=mtr-miR2677,,,,,
34,Chr07_27268,AGAUCUGGGCCGCCGCGGCUC,novel,,union_curated,,Chr07,+,16874565,16874644,79,-51.4,-65.06,novel_single_study,randfold=yes,,,,,
35,Chr07_27909,UCCCUUUGGAUGUCGUCGUGCG,novel,,union_curated,,Chr07,+,37759234,37759293,59,-16.5,-27.97,novel_single_study,randfold=yes,,,,,
36,Chr07_28550,UGUGUUUUCAGGUCACCCCU,novel,miR7531.0,union_curated,,Chr07,+,45493939,45494016,77,-41.5,-53.9,novel_single_study,randfold=yes;miRBase_ref=lja-miR7531,,,,,
37,Chr07_28646,UGCCUGGCUCCCUGUAUGCC,novel,miR160.0,union_curated,6,Chr07,+,48966794,48966877,83,-48.8,-58.8,novel_multi_study_replicated,randfold=yes;miRBase_ref=ath-miR160a-5p,,,,,
38,Chr07_30125,AUUCUCCUGAACACUUCAAUGG,novel,miR395.0,union_curated,,Chr07,-,46010510,46010595,85,-30.1,-35.41,novel_single_study,randfold=yes;miRBase_ref=zma-miR395a-5p,,,,,
39,Chr07_30134,GUGAAGUGUUUGGGGGAACUCC,novel,miR395.0,union_curated,,Chr07,-,46128615,46128700,85,-35.8,-42.12,novel_single_study,randfold=yes;miRBase_ref=ath-miR395a,,,,,
40,Chr08_30381,UUAGAUGACCAUCAACGGAC,novel,miR827.0,union_curated,,Chr08,+,250161,250251,90,-40.2,-44.67,novel_single_study,randfold=yes;miRBase_ref=ath-miR827,,,,,
41,Chr08_30829,UCCGUCAUGAGCAUUGUAGCUA,novel,,union_curated,,Chr08,+,8824038,8824092,54,-16.4,-30.37,novel_single_study,randfold=yes,,,,,
42,Chr08_30632,UUGAGGUCGUGGGUUUGCGU,novel,miR5050.0,union_curated,,Chr08,+,11852467,11852530,63,-23.3,-36.98,novel_single_study,randfold=yes;miRBase_ref=hvu-miR5050,,,,,
43,Chr08_31426,UUGGUUUUGAGCUUGACAUC,novel,miR2868.0,union_curated,,Chr08,+,34923661,34923740,79,-51.5,-65.19,novel_single_study,randfold=yes;miRBase_ref=osa-miR2868,,,,,
44,Chr08_33849,UGGACCUGAUUCAUGCAUUCUC,novel,,union_curated,,Chr08,-,14763297,14763377,80,-27.5,-34.38,novel_multi_study_replicated,randfold=yes,,,,,
45,Chr08_34494,AAUUGUUGUACUUGUUGGAA,novel,,union_curated,,Chr08,-,50615227,50615308,81,-19.4,-23.95,novel_single_study,randfold=yes,,,,,
46,Chr08_34702,CAUAGGUUCACUUUUAUCCA,novel,,union_curated,,Chr08,-,51124476,51124555,79,-22.0,-27.85,novel_single_study,randfold=yes,,,,,
47,Chr08_35572,UUGUAUUGGAUGAUGUUGAU,novel,miR11135.0,union_curated,11,Chr08,-,70345513,70345584,71,-12.4,-17.46,novel_single_study,randfold=yes;miRBase_ref=lja-miR11135a-3p,,,,,
48,Chr08_35612,UUGUAUUGGAUGAUGUGGAU,novel,miR11135.0,union_curated,,Chr08,-,70523322,70523384,62,-9.9,-15.97,novel_single_study,randfold=yes;miRBase_ref=lja-miR11135a-3p,,,,,
49,Chr09_36711,UGCCAUCCUUCUACGACAUG,novel,,union_curated,,Chr09,+,29007173,29007239,66,-29.9,-45.3,novel_single_study,randfold=yes,,,,,
50,Chr09_36714,UUGUCGCAAGGAAAGAUGGC,novel,miR1136.0,union_curated,,Chr09,+,29017489,29017572,83,-36.0,-43.37,novel_single_study,randfold=yes;miRBase_ref=tae-miR1136,,,,,
51,Chr09_36718,UCGCAAGGAGAGACGGCACU,novel,,union_curated,12,Chr09,+,29025839,29025913,74,-40.8,-55.14,novel_single_study,randfold=yes,,,,,
52,Chr09_37979,UACUCCAGGCUACUUUCAAU,novel,,union_curated,,Chr09,-,26160623,26160703,80,-49.2,-61.5,novel_single_study,randfold=yes,,,,,
53,Chr10_41135,GGCUGCCGACUCAUUCAUUUG,novel,miR319.0,union_curated,,Chr10,-,1304665,1304744,79,-28.8,-36.46,novel_single_study,randfold=yes;miRBase_ref=osa-miR319a-5p,,,,,
54,Chr10_41201,AUCAUGCUAUCCCUUUGGAU,novel,miR393.0,union_curated,,Chr10,-,2618247,2618332,85,-31.5,-37.06,novel_multi_study_replicated,randfold=yes;miRBase_ref=ath-miR393a-3p,,,,,
55,Chr10_41575,UGCCUGGCUCCCUGUAUGCCAU,novel,miR160.0,union_curated,6,Chr10,-,12063245,12063328,83,-43.6,-52.53,novel_single_study,randfold=yes;miRBase_ref=ath-miR160a-5p,,,,,
56,Chr10_40549,UGGAGAAGCAGGGCACAUGC,novel,miR164.0,union_curated,,Chr10,-,31100833,31100918,85,-43.2,-50.82,novel_multi_study_replicated,randfold=yes;miRBase_ref=ath-miR164a,,,,,
57,Chr11_41982,AAGCUCAGGAGGGAUAGCGC,novel,miR390.0,union_curated,4,Chr11,+,36973039,36973115,76,-39.9,-52.5,novel_multi_study_replicated,randfold=yes;miRBase_ref=ath-miR390a-5p,,,,,
58,Chr11_42092,UAAAGCUGCCAGCAUGAUCC,novel,miR167.0,union_curated,,Chr11,+,41590275,41590351,76,-38.5,-50.66,novel_single_study,randfold=yes;miRBase_ref=sly-miR167b-5p,,,,,
59,Chr11_44314,CCUUCGGCGCGGCAGAUCUGG,novel,,union_curated,,Chr11,+,43155724,43155809,85,-89.7,-105.53,novel_single_study,randfold=yes,,,,,
60,Chr11_43106,UGAUUGAGCCGUGCCAAUAU,novel,miR170.0,union_curated,,Chr11,-,34630245,34630322,77,-29.7,-38.57,novel_multi_study_replicated,randfold=yes;miRBase_ref=ath-miR170-3p,,,,,
61,scaffold_1630_46529,UCGCAAGGAGAGACGGCACU,novel,,union_curated,12,scaffold_1630,-,7964,8038,74,-40.8,-55.14,novel_single_study,randfold=yes,,,,,
62,scaffold_233_45604,GGCGCCCGCCGAGUCGGCCC,novel,,union_curated,,scaffold_233,-,31533,31591,58,-31.7,-54.66,novel_single_study,randfold=yes,,,,,
63,scaffold_368_45308,UGAUUGAAGACGACCUUGGC,novel,miR11149.0,union_curated,1,scaffold_368,-,4798,4867,69,-22.8,-33.04,novel_multi_study_replicated,randfold=yes;miRBase_ref=lja-miR11149a-3p,,,,,
64,scaffold_368_47485,UUGGAUGUCUUCAAGGAAACU,novel,,union_curated,2,scaffold_368,-,44234,44301,67,-22.0,-32.84,novel_multi_study_replicated,randfold=yes,,,,,
65,scaffold_46_44237,CGCCAAAGGAGAAUUGCCCU,novel,miR399.0,union_curated,7,scaffold_46,-,79027,79116,89,-45.6,-51.24,novel_single_study,randfold=yes;miRBase_ref=ath-miR399a,,,,,
66,scaffold_46_44239,CGCCAAAGGAGAAUUGCCCU,novel,miR399.0,union_curated,7,scaffold_46,-,90476,90565,89,-45.6,-51.24,novel_single_study,randfold=yes;miRBase_ref=ath-miR399a,,,,,
67,scaffold_46_44242,CGCCAAGGGAGAAUUGCCCU,novel,miR169.0,union_curated,9,scaffold_46,-,158521,158610,89,-58.0,-65.17,novel_single_study,randfold=yes;miRBase_ref=gma-miR169e,,,,,
68,scaffold_60_44348,UUGUAUUGGAUGAUGUUGAU,novel,miR11135.0,union_curated,11,scaffold_60,-,108033,108104,71,-12.4,-17.46,novel_single_study,randfold=yes;miRBase_ref=lja-miR11135a-3p,,,,,
69,Egr-miR156a,UUGACAGAAGAGAGUGAGCACA,known,miR156.0,union_curated,13,Chr03,+,33734284,33734369,85,-41.7,-49.06,known_reference_supported,randfold=yes;miRBase_ref=ath-miR157a-5p,miR156.0,Egr-miR156a,,,
70,Egr-miR156b,UUGACAGAAGAGAGUGAGCACA,known,miR156.0,union_curated,13,Chr03,-,52864342,52864426,84,-45.2,-53.81,known_reference_supported,randfold=yes;miRBase_ref=ath-miR157a-5p,miR156.0,Egr-miR156b,,,
71,Egr-miR156d,UGACAGAAGAGAGUGAGCA,known,miR156.0,union_curated,14,Chr03,+,61462710,61462791,81,-47.9,-59.14,known_reference_supported,randfold=yes;miRBase_ref=ath-miR156a-5p,miR156.0,Egr-miR156d,,,
72,Egr-miR156e,UGACAGAAGAGAGUGAGCA,known,miR156.0,union_curated,14,Chr03,+,61433015,61433095,80,-46.1,-57.63,known_reference_supported,randfold=yes;miRBase_ref=ath-miR156a-5p,miR156.0,Egr-miR156e,,,
73,Egr-miR156f,UGACAGAAGAGAGUGAGCA,known,miR156.0,union_curated,14,Chr03,+,61452875,61452956,81,-43.1,-53.21,known_reference_supported,randfold=yes;miRBase_ref=ath-miR156a-5p,miR156.0,Egr-miR156f,,,
74,Egr-miR156h,UGACAGAAGAGAGUGAGCA,known,miR156.0,union_curated,14,Chr03,+,61411130,61411211,81,-43.4,-53.58,known_reference_supported,randfold=yes;miRBase_ref=ath-miR156a-5p,miR156.0,Egr-miR156h,,,
75,Egr-miR156i,UGACAGAAGAGAGUGAGCA,known,miR156.0,union_curated,14,Chr03,+,12042078,12042167,89,-49.7,-55.84,known_reference_supported,randfold=yes;miRBase_ref=ath-miR156a-5p,miR156.0,Egr-miR156i,,,
76,Egr-miR156j,UGACAGAAGAGAGUGAGCA,known,miR156.0,union_curated,14,Chr03,-,12032905,12032994,89,-44.3,-49.78,known_reference_supported,randfold=yes;miRBase_ref=ath-miR156a-5p,miR156.0,Egr-miR156j,,,
77,Egr-miR156k,UGCUCACUUCUCUUCUGUCAG,known,miR156.0,union_curated,,Chr03,-,5846592,5846673,81,-50.3,-62.1,known_reference_supported,randfold=yes;miRBase_ref=mtr-miR156b-3p,miR156.0,Egr-miR156k,,,
78,Egr-miR156l,UUGACAGAAGAUAGAGAGCA,known,miR156.0,union_curated,15,Chr02,+,8809918,8810003,85,-48.1,-56.59,known_reference_supported,randfold=yes;miRBase_ref=ath-miR157a-5p,miR156.0,Egr-miR156l,,,
79,Egr-miR156m,UUGACAGAAGAUAGAGAGCA,known,miR156.0,union_curated,15,Chr02,+,8809918,8810001,83,-48.1,-57.95,known_reference_supported,randfold=yes;miRBase_ref=ath-miR157a-5p,miR156.0,Egr-miR156m,,,
80,Egr-miR156n,UUGACAGAAGAUAGAGAGCA,known,miR156.0,union_curated,15,Chr10,-,27759276,27759359,83,-43.3,-52.17,known_reference_supported,randfold=yes;miRBase_ref=ath-miR157a-5p,miR156.0,Egr-miR156n,,,
81,Egr-miR156o,UGACAGAAGAGAGUGAGCACAC,known,miR156.0,union_curated,,Chr03,-,5846590,5846673,83,-50.3,-60.6,known_reference_supported,randfold=yes;miRBase_ref=ath-miR156a-5p,miR156.0,Egr-miR156o,,,
82,Egr-miR164a,UGGAGAAGCAGGGCACGUGC,known,miR164.0,union_curated,,Chr08,-,61710188,61710268,80,-49.6,-62.0,known_reference_supported,randfold=yes;miRBase_ref=ath-miR164a,miR164.0,Egr-miR164a,,,
83,Egr-miR165b,UCGGACCAGGCUUCAUUCCCCU,known,miR165.0,union_curated,16,Chr08,+,5677391,5677476,85,-36.0,-42.35,known_reference_supported,randfold=yes;miRBase_ref=ath-miR165a-3p,miR165.0,Egr-miR165b,,,
84,Egr-miR165e,UCGGACCAGGCUUCAUUCCC,known,miR165.0,union_curated,16,Chr08,+,5677391,5677474,83,-36.0,-43.37,known_reference_supported,randfold=yes;miRBase_ref=ath-miR165a-3p,miR165.0,Egr-miR165e,,,
85,Egr-miR165f,UCGGACCAGGCUUCAUUCCCC,known,miR165.0,union_curated,16,Chr08,+,5677391,5677475,84,-36.0,-42.86,known_reference_supported,randfold=yes;miRBase_ref=ath-miR165a-3p,miR165.0,Egr-miR165f,,,
86,Egr-miR167a,UGAAGCUGCCAGCAUGAUCUGAG,known,miR167.0,union_curated,,Chr08,-,59369305,59369371,66,-36.8,-55.76,known_reference_supported,randfold=yes;miRBase_ref=ath-miR167a-5p,miR167.0,Egr-miR167a,,,
87,Egr-miR167b,UGAAGCUGCCAGCGUGAUCUCA,known,miR167.0,union_curated,,Chr08,-,7702189,7702261,72,-36.3,-50.42,known_reference_supported,randfold=yes;miRBase_ref=ath-miR167a-5p,miR167.0,Egr-miR167b,,,
88,Egr-miR167c,UGAAGCUGCCAGCAUGAUCU,known,miR167.0,union_curated,,Chr08,-,46542961,46543031,70,-33.6,-48.0,known_reference_supported,randfold=yes;miRBase_ref=ath-miR167a-5p,miR167.0,Egr-miR167c,,,
89,Egr-miR396a,UUCCACAGCUUUCUUGAACU,known,miR396.0,union_curated,17,Chr03,+,24104019,24104093,74,-31.6,-42.7,known_reference_supported,randfold=yes;miRBase_ref=ath-miR396a-5p,miR396.0,Egr-miR396a,,,
90,Egr-miR396c,UUCCACAGCUUUCUUGAACU,known,miR396.0,union_curated,17,Chr03,+,24104019,24104091,72,-31.6,-43.89,known_reference_supported,randfold=yes;miRBase_ref=ath-miR396a-5p,miR396.0,Egr-miR396c,,,
91,Egr-miR482a,UUUCCUAUUCCUCCCAUUCCA,known,miR482.0,union_curated,,Chr07,-,42438449,42438522,73,-29.5,-40.41,known_reference_supported,randfold=yes;miRBase_ref=osa-miR1859,miR482.0,Egr-miR482a,,,
92,Egr-miR482b,UCUUGCCAAUACCACCCAUGC,known,miR482.0,union_curated,,Chr07,-,42438185,42438274,89,-42.6,-47.87,known_reference_supported,randfold=yes;miRBase_ref=stu-miR482e-3p,miR482.0,Egr-miR482b,,,
93,Egr-miR535a,UGACAACGAGAGAGAGCACG,known,miR535.0,union_curated,18,Chr11,+,31380292,31380373,81,-46.1,-56.91,known_reference_supported,randfold=yes;miRBase_ref=ppt-miR535a,miR535.0,Egr-miR535a,,,
94,Egr-miR535b,UGACAACGAGAGAGAGCACG,known,miR535.0,union_curated,18,Chr08,-,9510063,9510143,80,-44.8,-56.0,known_reference_supported,randfold=yes;miRBase_ref=ppt-miR535a,miR535.0,Egr-miR535b,,,
95,Egr-miRN5651,CAUGUGCUCUGGCUCUCCAGCU,known,miR5651.0,union_curated,,Chr06,+,36822959,36823048,89,-38.1,-42.81,known_reference_supported,randfold=yes;miRBase_ref=bra-miR5723,miR5651.0,Egr-miRN5651,,,
96,Egr-miRN5652,AUUGGUUGCAUCUGAGGGAU,known,miR5652.0,union_curated,10,Chr06,+,37131424,37131485,61,-35.5,-58.2,known_reference_supported,randfold=yes;miRBase_ref=gra-miR8717,miR5652.0,Egr-miRN5652,,,
97,Egr-miRN5654,UGGACGUUGCCUUGAGCCUU,known,miR5654.0,union_curated,,Chr06,-,52368744,52368828,84,-37.7,-44.88,known_reference_supported,randfold=yes,miR5654.0,Egr-miRN5654,,,
98,Egr-miRN5668,UGGACCUGGUGCAUGCAUUC,known,miR5668.0,union_curated,,Chr08,+,14763300,14763378,78,-31.1,-39.87,known_reference_supported,randfold=yes,miR5668.0,Egr-miRN5668,,,
99,Egr-miRN5674,ACAAGUAAUGAUUGACGAGUC,known,miR5674.0,union_curated,,scaffold_727,+,4306,4383,77,-31.1,-40.39,known_reference_supported,randfold=yes,miR5674.0,Egr-miRN5674,,,
