mirna_core_accession,mirna_id,study,comparison,log2_fold_change,padj,direction,base_mean,lfc_se,stat,pvalue,design,n_groups,reps_per_group,total_mirnas_before_prefilter,tested_mirnas_after_prefilter,prefilter_rule,fdr_threshold,significance_rule,confidence_class
1,Chr01_850,QIN-2021,GL9_stem_vs_GL9_callus,-5.74743582906972,4.84707080537083e-88,up_in_GL9_callus,11599.7011754927,0.285704496683296,-20.1167146327443,5.26855522322916e-90,"~ group",2,3_per_group,99,93,raw_count>=10_in_at_least_2_samples,0.05,"padj < 0.05",high_confidence
2,Chr01_1229,QIN-2021,GL9_stem_vs_GL9_callus,4.56699458585843,2.10036386365734e-60,up_in_GL9_stem,17424.1627060714,0.27470046070553,16.6253619456216,4.56600839925509e-62,"~ group",2,3_per_group,99,93,raw_count>=10_in_at_least_2_samples,0.05,"padj < 0.05",high_confidence
18,Chr05_19932,QIN-2021,GL9_stem_vs_GL9_callus,8.22611271618392,7.42431687283835e-44,up_in_GL9_stem,681.267266386224,0.585314760862562,14.0541692542681,7.26291867995056e-45,"~ group",2,3_per_group,99,93,raw_count>=10_in_at_least_2_samples,0.05,"padj < 0.05",high_confidence
20,Chr05_20206,QIN-2021,GL9_stem_vs_GL9_callus,8.22611271618392,7.42431687283835e-44,up_in_GL9_stem,681.267266386224,0.585314760862562,14.0541692542681,7.26291867995056e-45,"~ group",2,3_per_group,99,93,raw_count>=10_in_at_least_2_samples,0.05,"padj < 0.05",high_confidence
21,Chr05_20208,QIN-2021,GL9_stem_vs_GL9_callus,8.22611271618392,7.42431687283835e-44,up_in_GL9_stem,681.267266386224,0.585314760862562,14.0541692542681,7.26291867995056e-45,"~ group",2,3_per_group,99,93,raw_count>=10_in_at_least_2_samples,0.05,"padj < 0.05",high_confidence
22,Chr05_20214,QIN-2021,GL9_stem_vs_GL9_callus,8.22611271618392,7.42431687283835e-44,up_in_GL9_stem,681.267266386224,0.585314760862562,14.0541692542681,7.26291867995056e-45,"~ group",2,3_per_group,99,93,raw_count>=10_in_at_least_2_samples,0.05,"padj < 0.05",high_confidence
24,Chr05_23089,QIN-2021,GL9_stem_vs_GL9_callus,8.22611271618392,7.42431687283835e-44,up_in_GL9_stem,681.267266386224,0.585314760862562,14.0541692542681,7.26291867995056e-45,"~ group",2,3_per_group,99,93,raw_count>=10_in_at_least_2_samples,0.05,"padj < 0.05",high_confidence
65,scaffold_46_44237,QIN-2021,GL9_stem_vs_GL9_callus,8.22611271618392,7.42431687283835e-44,up_in_GL9_stem,681.267266386224,0.585314760862562,14.0541692542681,7.26291867995056e-45,"~ group",2,3_per_group,99,93,raw_count>=10_in_at_least_2_samples,0.05,"padj < 0.05",high_confidence
66,scaffold_46_44239,QIN-2021,GL9_stem_vs_GL9_callus,8.22611271618392,7.42431687283835e-44,up_in_GL9_stem,681.267266386224,0.585314760862562,14.0541692542681,7.26291867995056e-45,"~ group",2,3_per_group,99,93,raw_count>=10_in_at_least_2_samples,0.05,"padj < 0.05",high_confidence
12,Chr03_12234,QIN-2021,GL9_stem_vs_GL9_callus,-4.61207600099064,3.4448920912794e-38,up_in_GL9_callus,21615.5987959252,0.352329488785169,-13.0902355544893,3.74444792530369e-39,"~ group",2,3_per_group,99,93,raw_count>=10_in_at_least_2_samples,0.05,"padj < 0.05",high_confidence
14,Chr03_14086,QIN-2021,GL9_stem_vs_GL9_callus,-4.61462655732701,3.50528666250356e-38,up_in_GL9_callus,21643.2383734038,0.352755063605319,-13.0816734710011,4.19110361821078e-39,"~ group",2,3_per_group,99,93,raw_count>=10_in_at_least_2_samples,0.05,"padj < 0.05",high_confidence
48,Chr08_35612,QIN-2021,GL9_stem_vs_GL9_callus,-6.65364113751794,7.08600576289705e-31,up_in_GL9_callus,170.681798021606,0.567366455550149,-11.7272374361051,9.24261621247441e-32,"~ group",2,3_per_group,99,93,raw_count>=10_in_at_least_2_samples,0.05,"padj < 0.05",high_confidence
43,Chr08_31426,QIN-2021,GL9_stem_vs_GL9_callus,-4.1658984161651,7.7953018912754e-27,up_in_GL9_callus,1389.1438640134,0.382048023837557,-10.9041224040892,1.10151004985413e-27,"~ group",2,3_per_group,99,93,raw_count>=10_in_at_least_2_samples,0.05,"padj < 0.05",high_confidence
60,Chr11_43106,QIN-2021,GL9_stem_vs_GL9_callus,3.22422818794526,1.99805791635275e-26,up_in_GL9_stem,7925.82814154481,0.298225332540251,10.8113826564686,3.04052291618897e-27,"~ group",2,3_per_group,99,93,raw_count>=10_in_at_least_2_samples,0.05,"padj < 0.05",high_confidence
50,Chr09_36714,QIN-2021,GL9_stem_vs_GL9_callus,-3.33035445146845,8.59643873421146e-23,up_in_GL9_callus,2762.47834050811,0.332759711485223,-10.0082862694042,1.4015932718823e-23,"~ group",2,3_per_group,99,93,raw_count>=10_in_at_least_2_samples,0.05,"padj < 0.05",high_confidence
80,Egr-miR156n,QIN-2021,GL9_stem_vs_GL9_callus,3.87562523442691,8.96534805456935e-22,up_in_GL9_stem,30519.5505431814,0.396805936472132,9.7670545679931,1.55919096601206e-22,"~ group",2,3_per_group,99,93,raw_count>=10_in_at_least_2_samples,0.05,"padj < 0.05",high_confidence
78,Egr-miR156l,QIN-2021,GL9_stem_vs_GL9_callus,3.86195356256355,1.50926991458384e-21,up_in_GL9_stem,29595.7626446802,0.398052459157277,9.70212210405572,2.95291939809881e-22,"~ group",2,3_per_group,99,93,raw_count>=10_in_at_least_2_samples,0.05,"padj < 0.05",high_confidence
79,Egr-miR156m,QIN-2021,GL9_stem_vs_GL9_callus,3.86195356256355,1.50926991458384e-21,up_in_GL9_stem,29595.7626446802,0.398052459157277,9.70212210405572,2.95291939809881e-22,"~ group",2,3_per_group,99,93,raw_count>=10_in_at_least_2_samples,0.05,"padj < 0.05",high_confidence
31,Chr06_24996,QIN-2021,GL9_stem_vs_GL9_callus,2.93887969333127,1.64433547811801e-19,up_in_GL9_stem,695.388808467357,0.319247182661472,9.20565584582667,3.39591022654807e-20,"~ group",2,3_per_group,99,93,raw_count>=10_in_at_least_2_samples,0.05,"padj < 0.05",high_confidence
28,Chr05_23099,QIN-2021,GL9_stem_vs_GL9_callus,3.22968050870046,3.21064225264163e-16,up_in_GL9_stem,486.789292681021,0.386909697285772,8.34737545054348,6.97965707096007e-17,"~ group",2,3_per_group,99,93,raw_count>=10_in_at_least_2_samples,0.05,"padj < 0.05",high_confidence
51,Chr09_36718,QIN-2021,GL9_stem_vs_GL9_callus,-2.81503274296978,3.34003641412032e-16,up_in_GL9_callus,1312.30190059681,0.337881027765959,-8.33143181072505,7.98704359898338e-17,"~ group",2,3_per_group,99,93,raw_count>=10_in_at_least_2_samples,0.05,"padj < 0.05",high_confidence
61,scaffold_1630_46529,QIN-2021,GL9_stem_vs_GL9_callus,-2.81503274296978,3.34003641412032e-16,up_in_GL9_callus,1312.30190059681,0.337881027765959,-8.33143181072505,7.98704359898338e-17,"~ group",2,3_per_group,99,93,raw_count>=10_in_at_least_2_samples,0.05,"padj < 0.05",high_confidence
8,Chr02_5696,QIN-2021,GL9_stem_vs_GL9_callus,6.65380015793428,1.59700692540098e-15,up_in_GL9_stem,92.4362623621649,0.817541813997665,8.13878879833452,3.99251731350245e-16,"~ group",2,3_per_group,99,93,raw_count>=10_in_at_least_2_samples,0.05,"padj < 0.05",high_confidence
9,Chr02_5754,QIN-2021,GL9_stem_vs_GL9_callus,-2.6678241410772,5.73822704419269e-14,up_in_GL9_callus,27300.7140468839,0.347256797222695,-7.68256852684825,1.55930082722627e-14,"~ group",2,3_per_group,99,93,raw_count>=10_in_at_least_2_samples,0.05,"padj < 0.05",high_confidence
57,Chr11_41982,QIN-2021,GL9_stem_vs_GL9_callus,-2.6697643661224,5.73822704419269e-14,up_in_GL9_callus,27280.3394924559,0.347494145874678,-7.68290458362208,1.55521426301784e-14,"~ group",2,3_per_group,99,93,raw_count>=10_in_at_least_2_samples,0.05,"padj < 0.05",high_confidence
13,Chr03_12134,QIN-2021,GL9_stem_vs_GL9_callus,-3.09149721241702,5.97836747089942e-14,up_in_GL9_callus,1360.33066601815,0.402943273929168,-7.67228891121897,1.68953863308027e-14,"~ group",2,3_per_group,99,93,raw_count>=10_in_at_least_2_samples,0.05,"padj < 0.05",high_confidence
92,Egr-miR482b,QIN-2021,GL9_stem_vs_GL9_callus,-2.20863438105002,7.12654015001988e-14,up_in_GL9_callus,364158.889856424,0.288903924581264,-7.64487496752147,2.09148460924496e-14,"~ group",2,3_per_group,99,93,raw_count>=10_in_at_least_2_samples,0.05,"padj < 0.05",high_confidence
44,Chr08_33849,QIN-2021,GL9_stem_vs_GL9_callus,-3.02682105469861,9.60023775800805e-14,up_in_GL9_callus,114.644224769619,0.398174902892257,-7.60173740914466,2.92181149156767e-14,"~ group",2,3_per_group,99,93,raw_count>=10_in_at_least_2_samples,0.05,"padj < 0.05",high_confidence
49,Chr09_36711,QIN-2021,GL9_stem_vs_GL9_callus,3.27926226538085,1.55559866161193e-13,up_in_GL9_stem,177.703298506538,0.435235084479068,7.53446213856081,4.90351752029848e-14,"~ group",2,3_per_group,99,93,raw_count>=10_in_at_least_2_samples,0.05,"padj < 0.05",high_confidence
83,Egr-miR165b,QIN-2021,GL9_stem_vs_GL9_callus,3.3703541730538,4.4485011729486e-13,up_in_GL9_stem,206186.408765492,0.456200393736994,7.38788089472113,1.49187284200481e-13,"~ group",2,3_per_group,99,93,raw_count>=10_in_at_least_2_samples,0.05,"padj < 0.05",high_confidence
85,Egr-miR165f,QIN-2021,GL9_stem_vs_GL9_callus,3.37054165839369,4.4485011729486e-13,up_in_GL9_stem,206171.668304443,0.456264654443447,7.38725129279428,1.4989514821892e-13,"~ group",2,3_per_group,99,93,raw_count>=10_in_at_least_2_samples,0.05,"padj < 0.05",high_confidence
59,Chr11_44314,QIN-2021,GL9_stem_vs_GL9_callus,-2.46432374942613,5.26201538244909e-13,up_in_GL9_callus,1973.89201018551,0.334797352883363,-7.36064287307748,1.83026621998229e-13,"~ group",2,3_per_group,99,93,raw_count>=10_in_at_least_2_samples,0.05,"padj < 0.05",high_confidence
84,Egr-miR165e,QIN-2021,GL9_stem_vs_GL9_callus,3.3823923146772,5.35758188625974e-13,up_in_GL9_stem,205164.32472034,0.459930971294698,7.35413034950838,1.92174132876708e-13,"~ group",2,3_per_group,99,93,raw_count>=10_in_at_least_2_samples,0.05,"padj < 0.05",high_confidence
87,Egr-miR167b,QIN-2021,GL9_stem_vs_GL9_callus,2.28902038650938,7.18032233287378e-13,up_in_GL9_stem,885.157604637166,0.313096952309002,7.31089960994029,2.65359738388814e-13,"~ group",2,3_per_group,99,93,raw_count>=10_in_at_least_2_samples,0.05,"padj < 0.05",high_confidence
91,Egr-miR482a,QIN-2021,GL9_stem_vs_GL9_callus,-2.37925630868206,8.68234267522305e-13,up_in_GL9_callus,107128.542139531,0.326756856036604,-7.28142735103171,3.30306514818268e-13,"~ group",2,3_per_group,99,93,raw_count>=10_in_at_least_2_samples,0.05,"padj < 0.05",high_confidence
41,Chr08_30829,QIN-2021,GL9_stem_vs_GL9_callus,-2.66261073089625,3.06708177612912e-11,up_in_GL9_callus,86.7961813407135,0.392704323839211,-6.78019204083537,1.20016243413748e-11,"~ group",2,3_per_group,99,93,raw_count>=10_in_at_least_2_samples,0.05,"padj < 0.05",high_confidence
19,Chr05_19934,QIN-2021,GL9_stem_vs_GL9_callus,6.98558937766371,5.37903845656836e-10,up_in_GL9_stem,58.5017228509898,1.10021829270593,6.34927579733563,2.16330894448945e-10,"~ group",2,3_per_group,99,93,raw_count>=10_in_at_least_2_samples,0.05,"padj < 0.05",high_confidence
10,Chr02_8243,QIN-2021,GL9_stem_vs_GL9_callus,5.27288881714023,9.62654982261436e-10,up_in_GL9_stem,36.2199440459948,0.842993240623316,6.25495978264477,3.97618362238419e-10,"~ group",2,3_per_group,99,93,raw_count>=10_in_at_least_2_samples,0.05,"padj < 0.05",high_confidence
88,Egr-miR167c,QIN-2021,GL9_stem_vs_GL9_callus,-1.8793590740439,2.80930842684604e-09,up_in_GL9_callus,18840.3560550784,0.309030709195613,-6.08146380965101,1.19090248529343e-09,"~ group",2,3_per_group,99,93,raw_count>=10_in_at_least_2_samples,0.05,"padj < 0.05",high_confidence
86,Egr-miR167a,QIN-2021,GL9_stem_vs_GL9_callus,-1.763142748222,1.99548155404347e-08,up_in_GL9_callus,22650.5608368771,0.306379383787067,-5.7547695488786,8.67600675671072e-09,"~ group",2,3_per_group,99,93,raw_count>=10_in_at_least_2_samples,0.05,"padj < 0.05",high_confidence
45,Chr08_34494,QIN-2021,GL9_stem_vs_GL9_callus,-3.62473623754961,2.61482540762991e-08,up_in_GL9_callus,26.0319065421826,0.63539180009955,-5.70472618151777,1.16530262731333e-08,"~ group",2,3_per_group,99,93,raw_count>=10_in_at_least_2_samples,0.05,"padj < 0.05",high_confidence
4,Chr01_1685,QIN-2021,GL9_stem_vs_GL9_callus,-1.63355915467587,4.12825361002024e-08,up_in_GL9_callus,4367.19442883769,0.290761733248589,-5.61820545098776,1.92950983946598e-08,"~ group",2,3_per_group,99,93,raw_count>=10_in_at_least_2_samples,0.05,"padj < 0.05",high_confidence
64,scaffold_368_47485,QIN-2021,GL9_stem_vs_GL9_callus,-1.63477085464877,4.12825361002024e-08,up_in_GL9_callus,4369.59494829767,0.290850171764292,-5.62066319140293,1.90225807037724e-08,"~ group",2,3_per_group,99,93,raw_count>=10_in_at_least_2_samples,0.05,"padj < 0.05",high_confidence
6,Chr01_2889,QIN-2021,GL9_stem_vs_GL9_callus,-1.99887751365189,4.26113364764406e-08,up_in_GL9_callus,293.80025515508,0.356632994178576,-5.60485862575856,2.08425015373894e-08,"~ group",2,3_per_group,99,93,raw_count>=10_in_at_least_2_samples,0.05,"padj < 0.05",high_confidence
7,Chr01_2891,QIN-2021,GL9_stem_vs_GL9_callus,-1.99887751365189,4.26113364764406e-08,up_in_GL9_callus,293.80025515508,0.356632994178576,-5.60485862575856,2.08425015373894e-08,"~ group",2,3_per_group,99,93,raw_count>=10_in_at_least_2_samples,0.05,"padj < 0.05",high_confidence
99,Egr-miRN5674,QIN-2021,GL9_stem_vs_GL9_callus,-1.74968765833523,7.05063651943971e-08,up_in_GL9_callus,7905.03691350898,0.317368080659802,-5.5131179376882,3.52531825971985e-08,"~ group",2,3_per_group,99,93,raw_count>=10_in_at_least_2_samples,0.05,"padj < 0.05",high_confidence
53,Chr10_41135,QIN-2021,GL9_stem_vs_GL9_callus,-3.79727205750398,1.63597608852851e-07,up_in_GL9_callus,33.4175393079153,0.708547964521126,-5.35923077567569,8.35770393052608e-08,"~ group",2,3_per_group,99,93,raw_count>=10_in_at_least_2_samples,0.05,"padj < 0.05",high_confidence
33,Chr07_27100,QIN-2021,GL9_stem_vs_GL9_callus,-3.78301426345361,1.86098070729292e-07,up_in_GL9_callus,16.7229618876164,0.709482027475848,-5.33207906183697,9.70946455978915e-08,"~ group",2,3_per_group,99,93,raw_count>=10_in_at_least_2_samples,0.05,"padj < 0.05",high_confidence
52,Chr09_37979,QIN-2021,GL9_stem_vs_GL9_callus,-1.80176128043994,5.14285524255827e-06,up_in_GL9_callus,101.641548470605,0.384214227897247,-4.68947048187345,2.73912942266691e-06,"~ group",2,3_per_group,99,93,raw_count>=10_in_at_least_2_samples,0.05,"padj < 0.05",high_confidence
25,Chr05_23094,QIN-2021,GL9_stem_vs_GL9_callus,4.57428911834352,4.47143186483946e-05,up_in_GL9_stem,16.608542086786,1.08703512529474,4.20804168320065,2.57593357430969e-05,"~ group",2,3_per_group,99,93,raw_count>=10_in_at_least_2_samples,0.05,"padj < 0.05",high_confidence
26,Chr05_23096,QIN-2021,GL9_stem_vs_GL9_callus,4.57428911834352,4.47143186483946e-05,up_in_GL9_stem,16.608542086786,1.08703512529474,4.20804168320065,2.57593357430969e-05,"~ group",2,3_per_group,99,93,raw_count>=10_in_at_least_2_samples,0.05,"padj < 0.05",high_confidence
27,Chr05_23098,QIN-2021,GL9_stem_vs_GL9_callus,4.57428911834352,4.47143186483946e-05,up_in_GL9_stem,16.608542086786,1.08703512529474,4.20804168320065,2.57593357430969e-05,"~ group",2,3_per_group,99,93,raw_count>=10_in_at_least_2_samples,0.05,"padj < 0.05",high_confidence
67,scaffold_46_44242,QIN-2021,GL9_stem_vs_GL9_callus,4.57428911834352,4.47143186483946e-05,up_in_GL9_stem,16.608542086786,1.08703512529474,4.20804168320065,2.57593357430969e-05,"~ group",2,3_per_group,99,93,raw_count>=10_in_at_least_2_samples,0.05,"padj < 0.05",high_confidence
42,Chr08_30632,QIN-2021,GL9_stem_vs_GL9_callus,-2.17328751082179,0.000101030319526593,up_in_GL9_callus,32.9672622600896,0.541214185297001,-4.01557751046226,5.93004049395219e-05,"~ group",2,3_per_group,99,93,raw_count>=10_in_at_least_2_samples,0.05,"padj < 0.05",high_confidence
15,Chr03_14181,QIN-2021,GL9_stem_vs_GL9_callus,-5.44872371502756,0.000263259727918761,up_in_GL9_callus,226.241191168478,1.44179693412364,-3.77912005919158,0.000157383532994911,"~ group",2,3_per_group,99,93,raw_count>=10_in_at_least_2_samples,0.05,"padj < 0.05",high_confidence
89,Egr-miR396a,QIN-2021,GL9_stem_vs_GL9_callus,1.1999852143856,0.00028218244010123,up_in_GL9_stem,11792.3921593593,0.319752427582158,3.75285724477345,0.000174830424845327,"~ group",2,3_per_group,99,93,raw_count>=10_in_at_least_2_samples,0.05,"padj < 0.05",high_confidence
90,Egr-miR396c,QIN-2021,GL9_stem_vs_GL9_callus,1.1999852143856,0.00028218244010123,up_in_GL9_stem,11792.3921593593,0.319752427582158,3.75285724477345,0.000174830424845327,"~ group",2,3_per_group,99,93,raw_count>=10_in_at_least_2_samples,0.05,"padj < 0.05",high_confidence
56,Chr10_40549,QIN-2021,GL9_stem_vs_GL9_callus,-1.55247150918243,0.00209309007118191,up_in_GL9_callus,55.1977174304005,0.483381165066245,-3.21169218285464,0.00131955678400599,"~ group",2,3_per_group,99,93,raw_count>=10_in_at_least_2_samples,0.05,"padj < 0.05",high_confidence
35,Chr07_27909,QIN-2021,GL9_stem_vs_GL9_callus,1.51072865695126,0.00249663756497935,up_in_GL9_stem,78.2813056741103,0.478729296475233,3.15570546460053,0.00160110452536719,"~ group",2,3_per_group,99,93,raw_count>=10_in_at_least_2_samples,0.05,"padj < 0.05",high_confidence
98,Egr-miRN5668,QIN-2021,GL9_stem_vs_GL9_callus,-1.00613875035414,0.00291495610182237,up_in_GL9_callus,2640.59382673934,0.324010139596738,-3.10526933387447,0.00190105832727546,"~ group",2,3_per_group,99,93,raw_count>=10_in_at_least_2_samples,0.05,"padj < 0.05",high_confidence
47,Chr08_35572,QIN-2021,GL9_stem_vs_GL9_callus,-1.68997573328961,0.00310414358764495,up_in_GL9_callus,40.8825025081983,0.549253057142695,-3.07686176947498,0.00209192285254334,"~ group",2,3_per_group,99,93,raw_count>=10_in_at_least_2_samples,0.05,"padj < 0.05",high_confidence
68,scaffold_60_44348,QIN-2021,GL9_stem_vs_GL9_callus,-1.68997573328961,0.00310414358764495,up_in_GL9_callus,40.8825025081983,0.549253057142695,-3.07686176947498,0.00209192285254334,"~ group",2,3_per_group,99,93,raw_count>=10_in_at_least_2_samples,0.05,"padj < 0.05",high_confidence
23,Chr05_19036,QIN-2021,GL9_stem_vs_GL9_callus,-1.33133085981077,0.0072116540010156,up_in_GL9_callus,34.9578822693527,0.474466577471296,-2.80595288061426,0.0050168027833152,"~ group",2,3_per_group,99,93,raw_count>=10_in_at_least_2_samples,0.05,"padj < 0.05",high_confidence
29,Chr05_21615,QIN-2021,GL9_stem_vs_GL9_callus,-1.33133085981077,0.0072116540010156,up_in_GL9_callus,34.9578822693527,0.474466577471296,-2.80595288061426,0.0050168027833152,"~ group",2,3_per_group,99,93,raw_count>=10_in_at_least_2_samples,0.05,"padj < 0.05",high_confidence
17,Chr05_17624,QIN-2021,GL9_stem_vs_GL9_callus,3.2064232046178,0.0116393630106178,up_in_GL9_stem,17202.2217854988,1.21774265912965,2.63308768940518,0.00846124987952315,"~ group",2,3_per_group,99,93,raw_count>=10_in_at_least_2_samples,0.05,"padj < 0.05",high_confidence
37,Chr07_28646,QIN-2021,GL9_stem_vs_GL9_callus,3.20802256589639,0.0116393630106178,up_in_GL9_stem,17245.3859155297,1.2186330091271,2.63247634182689,0.00847649262729777,"~ group",2,3_per_group,99,93,raw_count>=10_in_at_least_2_samples,0.05,"padj < 0.05",high_confidence
55,Chr10_41575,QIN-2021,GL9_stem_vs_GL9_callus,3.20891420277128,0.0116393630106178,up_in_GL9_stem,17205.993335704,1.21789025580752,2.63481392306864,0.0084183418832949,"~ group",2,3_per_group,99,93,raw_count>=10_in_at_least_2_samples,0.05,"padj < 0.05",high_confidence
71,Egr-miR156d,QIN-2021,GL9_stem_vs_GL9_callus,0.783989347335791,0.0144641612663632,up_in_GL9_stem,6231.47887001118,0.3101432493264,2.52782979812888,0.0114769975265708,"~ group",2,3_per_group,99,93,raw_count>=10_in_at_least_2_samples,0.05,"padj < 0.05",high_confidence
72,Egr-miR156e,QIN-2021,GL9_stem_vs_GL9_callus,0.783989347335791,0.0144641612663632,up_in_GL9_stem,6231.47887001118,0.3101432493264,2.52782979812888,0.0114769975265708,"~ group",2,3_per_group,99,93,raw_count>=10_in_at_least_2_samples,0.05,"padj < 0.05",high_confidence
73,Egr-miR156f,QIN-2021,GL9_stem_vs_GL9_callus,0.783989347335791,0.0144641612663632,up_in_GL9_stem,6231.47887001118,0.3101432493264,2.52782979812888,0.0114769975265708,"~ group",2,3_per_group,99,93,raw_count>=10_in_at_least_2_samples,0.05,"padj < 0.05",high_confidence
74,Egr-miR156h,QIN-2021,GL9_stem_vs_GL9_callus,0.783989347335791,0.0144641612663632,up_in_GL9_stem,6231.47887001118,0.3101432493264,2.52782979812888,0.0114769975265708,"~ group",2,3_per_group,99,93,raw_count>=10_in_at_least_2_samples,0.05,"padj < 0.05",high_confidence
75,Egr-miR156i,QIN-2021,GL9_stem_vs_GL9_callus,0.783989347335791,0.0144641612663632,up_in_GL9_stem,6231.47887001118,0.3101432493264,2.52782979812888,0.0114769975265708,"~ group",2,3_per_group,99,93,raw_count>=10_in_at_least_2_samples,0.05,"padj < 0.05",high_confidence
76,Egr-miR156j,QIN-2021,GL9_stem_vs_GL9_callus,0.783989347335791,0.0144641612663632,up_in_GL9_stem,6231.47887001118,0.3101432493264,2.52782979812888,0.0114769975265708,"~ group",2,3_per_group,99,93,raw_count>=10_in_at_least_2_samples,0.05,"padj < 0.05",high_confidence
69,Egr-miR156a,QIN-2021,GL9_stem_vs_GL9_callus,0.773259105272846,0.0180519391656639,up_in_GL9_stem,10570.2199531346,0.317002035751888,2.4392875062735,0.0147162547546173,"~ group",2,3_per_group,99,93,raw_count>=10_in_at_least_2_samples,0.05,"padj < 0.05",high_confidence
70,Egr-miR156b,QIN-2021,GL9_stem_vs_GL9_callus,0.773259105272846,0.0180519391656639,up_in_GL9_stem,10570.2199531346,0.317002035751888,2.4392875062735,0.0147162547546173,"~ group",2,3_per_group,99,93,raw_count>=10_in_at_least_2_samples,0.05,"padj < 0.05",high_confidence
81,Egr-miR156o,QIN-2021,GL9_stem_vs_GL9_callus,0.73645413167468,0.0209499159005317,up_in_GL9_stem,6342.52218462755,0.309417389277592,2.38013168359447,0.0173064522656566,"~ group",2,3_per_group,99,93,raw_count>=10_in_at_least_2_samples,0.05,"padj < 0.05",high_confidence
77,Egr-miR156k,QIN-2021,GL9_stem_vs_GL9_callus,-0.90269913530045,0.030661986393289,up_in_GL9_callus,14785.9977841867,0.404566044807136,-2.2312775550177,0.0256627494813397,"~ group",2,3_per_group,99,93,raw_count>=10_in_at_least_2_samples,0.05,"padj < 0.05",high_confidence
58,Chr11_42092,QIN-2021,GL9_stem_vs_GL9_callus,-0.818711549716611,0.0411661490501394,up_in_GL9_callus,455.98952988475,0.388107537677126,-2.10949664780207,0.0349017350642486,"~ group",2,3_per_group,99,93,raw_count>=10_in_at_least_2_samples,0.05,"padj < 0.05",high_confidence
78,Egr-miR156l,QIN-2021,DH201_stem_vs_DH201_callus,4.7993104263465,9.24564347510928e-76,up_in_DH201_stem,37291.0204151515,0.257825486532464,18.6145694550729,2.44819930818108e-77,"~ group",2,3_per_group,99,87,raw_count>=10_in_at_least_2_samples,0.05,"padj < 0.05",high_confidence
79,Egr-miR156m,QIN-2021,DH201_stem_vs_DH201_callus,4.7993104263465,9.24564347510928e-76,up_in_DH201_stem,37291.0204151515,0.257825486532464,18.6145694550729,2.44819930818108e-77,"~ group",2,3_per_group,99,87,raw_count>=10_in_at_least_2_samples,0.05,"padj < 0.05",high_confidence
80,Egr-miR156n,QIN-2021,DH201_stem_vs_DH201_callus,4.79803327367357,9.24564347510928e-76,up_in_DH201_stem,37776.306558011,0.257952988316971,18.6004174829631,3.18815292245148e-77,"~ group",2,3_per_group,99,87,raw_count>=10_in_at_least_2_samples,0.05,"padj < 0.05",high_confidence
2,Chr01_1229,QIN-2021,DH201_stem_vs_DH201_callus,5.70348991090198,3.77321787951723e-71,up_in_DH201_stem,34669.4589416703,0.316747512965443,18.0064236574581,1.73481281816884e-72,"~ group",2,3_per_group,99,87,raw_count>=10_in_at_least_2_samples,0.05,"padj < 0.05",high_confidence
15,Chr03_14181,QIN-2021,DH201_stem_vs_DH201_callus,-8.40125670957942,1.34122502099564e-38,up_in_DH201_callus,1969.69585972237,0.635989166118489,-13.209748148468,7.708189775837e-40,"~ group",2,3_per_group,99,87,raw_count>=10_in_at_least_2_samples,0.05,"padj < 0.05",high_confidence
50,Chr09_36714,QIN-2021,DH201_stem_vs_DH201_callus,-4.74912697059584,1.28975471274439e-35,up_in_DH201_callus,2498.87162143527,0.37489148616567,-12.6680043315178,8.89486008789231e-37,"~ group",2,3_per_group,99,87,raw_count>=10_in_at_least_2_samples,0.05,"padj < 0.05",high_confidence
53,Chr10_41135,QIN-2021,DH201_stem_vs_DH201_callus,-5.17910376348044,7.12969670745506e-34,up_in_DH201_callus,165.407918657407,0.4198080671341,-12.3368371618882,5.73653758071097e-35,"~ group",2,3_per_group,99,87,raw_count>=10_in_at_least_2_samples,0.05,"padj < 0.05",high_confidence
60,Chr11_43106,QIN-2021,DH201_stem_vs_DH201_callus,5.49678683759713,5.48600439035627e-33,up_in_DH201_stem,9730.62888223578,0.452019627816854,12.1605047642406,5.04460173825863e-34,"~ group",2,3_per_group,99,87,raw_count>=10_in_at_least_2_samples,0.05,"padj < 0.05",high_confidence
12,Chr03_12234,QIN-2021,DH201_stem_vs_DH201_callus,-4.7125117711764,2.82939549937676e-24,up_in_DH201_callus,17496.6102180244,0.453816778782796,-10.3841726253843,2.92696086142423e-25,"~ group",2,3_per_group,99,87,raw_count>=10_in_at_least_2_samples,0.05,"padj < 0.05",high_confidence
14,Chr03_14086,QIN-2021,DH201_stem_vs_DH201_callus,-4.71609057385465,5.30307617726738e-24,up_in_DH201_callus,17584.4380648398,0.457254356246827,-10.3139325179198,6.09548985892802e-25,"~ group",2,3_per_group,99,87,raw_count>=10_in_at_least_2_samples,0.05,"padj < 0.05",high_confidence
83,Egr-miR165b,QIN-2021,DH201_stem_vs_DH201_callus,3.40120560927008,5.26883348462705e-22,up_in_DH201_stem,278502.517259853,0.345572912778292,9.84222282332694,7.40562419367919e-23,"~ group",2,3_per_group,99,87,raw_count>=10_in_at_least_2_samples,0.05,"padj < 0.05",high_confidence
84,Egr-miR165e,QIN-2021,DH201_stem_vs_DH201_callus,3.40626167859471,5.26883348462705e-22,up_in_DH201_stem,277690.802437429,0.346303270769626,9.83606557057522,7.87296957473007e-23,"~ group",2,3_per_group,99,87,raw_count>=10_in_at_least_2_samples,0.05,"padj < 0.05",high_confidence
85,Egr-miR165f,QIN-2021,DH201_stem_vs_DH201_callus,3.40146504701754,5.26883348462705e-22,up_in_DH201_stem,278486.301014395,0.34557720515002,9.84285131173775,7.35949427610649e-23,"~ group",2,3_per_group,99,87,raw_count>=10_in_at_least_2_samples,0.05,"padj < 0.05",high_confidence
45,Chr08_34494,QIN-2021,DH201_stem_vs_DH201_callus,-4.90352418195657,1.87537077705841e-21,up_in_DH201_callus,184.866643825886,0.50552298394815,-9.69990354080421,3.01783803204802e-22,"~ group",2,3_per_group,99,87,raw_count>=10_in_at_least_2_samples,0.05,"padj < 0.05",high_confidence
89,Egr-miR396a,QIN-2021,DH201_stem_vs_DH201_callus,2.3593006183505,7.03467383915648e-20,up_in_DH201_stem,15220.4064861643,0.253450397872489,9.308727222979,1.29373311984487e-20,"~ group",2,3_per_group,99,87,raw_count>=10_in_at_least_2_samples,0.05,"padj < 0.05",high_confidence
90,Egr-miR396c,QIN-2021,DH201_stem_vs_DH201_callus,2.3593006183505,7.03467383915648e-20,up_in_DH201_stem,15220.4064861643,0.253450397872489,9.308727222979,1.29373311984487e-20,"~ group",2,3_per_group,99,87,raw_count>=10_in_at_least_2_samples,0.05,"padj < 0.05",high_confidence
51,Chr09_36718,QIN-2021,DH201_stem_vs_DH201_callus,-5.25337321791692,7.98707709196301e-20,up_in_DH201_callus,1614.80407657052,0.565932091231907,-9.28269186234253,1.652498708682e-20,"~ group",2,3_per_group,99,87,raw_count>=10_in_at_least_2_samples,0.05,"padj < 0.05",high_confidence
61,scaffold_1630_46529,QIN-2021,DH201_stem_vs_DH201_callus,-5.25337321791692,7.98707709196301e-20,up_in_DH201_callus,1614.80407657052,0.565932091231907,-9.28269186234253,1.652498708682e-20,"~ group",2,3_per_group,99,87,raw_count>=10_in_at_least_2_samples,0.05,"padj < 0.05",high_confidence
1,Chr01_850,QIN-2021,DH201_stem_vs_DH201_callus,-2.29230572297328,1.74916586893114e-15,up_in_DH201_callus,63545.5555526669,0.281467046595827,-8.14413534620599,3.82001741490708e-16,"~ group",2,3_per_group,99,87,raw_count>=10_in_at_least_2_samples,0.05,"padj < 0.05",high_confidence
31,Chr06_24996,QIN-2021,DH201_stem_vs_DH201_callus,5.50568347772894,1.28060515060559e-14,up_in_DH201_stem,2337.44835359245,0.697517002856768,7.8932606017914,2.94391988644963e-15,"~ group",2,3_per_group,99,87,raw_count>=10_in_at_least_2_samples,0.05,"padj < 0.05",high_confidence
9,Chr02_5754,QIN-2021,DH201_stem_vs_DH201_callus,-4.29696466300121,1.8914714518059e-12,up_in_DH201_callus,17048.4261391782,0.594039762550734,-7.23346303377163,4.70830652572234e-13,"~ group",2,3_per_group,99,87,raw_count>=10_in_at_least_2_samples,0.05,"padj < 0.05",high_confidence
57,Chr11_41982,QIN-2021,DH201_stem_vs_DH201_callus,-4.29588282348329,1.8914714518059e-12,up_in_DH201_callus,17034.7545027969,0.594065769263665,-7.2313252938441,4.78303125744021e-13,"~ group",2,3_per_group,99,87,raw_count>=10_in_at_least_2_samples,0.05,"padj < 0.05",high_confidence
64,scaffold_368_47485,QIN-2021,DH201_stem_vs_DH201_callus,-2.1311035741006,2.6476380366893e-12,up_in_DH201_callus,3299.54349955992,0.296834031852763,-7.17944489315726,6.9995028556154e-13,"~ group",2,3_per_group,99,87,raw_count>=10_in_at_least_2_samples,0.05,"padj < 0.05",high_confidence
4,Chr01_1685,QIN-2021,DH201_stem_vs_DH201_callus,-2.13070616893023,2.88484716432807e-12,up_in_DH201_callus,3296.50276726211,0.297506824754538,-7.16187324673375,7.95819907400846e-13,"~ group",2,3_per_group,99,87,raw_count>=10_in_at_least_2_samples,0.05,"padj < 0.05",high_confidence
13,Chr03_12134,QIN-2021,DH201_stem_vs_DH201_callus,-2.72639608122341,3.114434092471e-12,up_in_DH201_callus,918.749287196959,0.381540058951744,-7.14576626295546,8.94952325422702e-13,"~ group",2,3_per_group,99,87,raw_count>=10_in_at_least_2_samples,0.05,"padj < 0.05",high_confidence
11,Chr03_9415,QIN-2021,DH201_stem_vs_DH201_callus,-1.15614049675592,2.21874240591155e-10,up_in_DH201_callus,4206.20039380182,0.177083677201687,-6.5287807155662,6.63072443145979e-11,"~ group",2,3_per_group,99,87,raw_count>=10_in_at_least_2_samples,0.05,"padj < 0.05",high_confidence
59,Chr11_44314,QIN-2021,DH201_stem_vs_DH201_callus,-2.03443253377402,1.07237786241651e-09,up_in_DH201_callus,3631.30590974502,0.323816549114426,-6.28267004678354,3.32806922818916e-10,"~ group",2,3_per_group,99,87,raw_count>=10_in_at_least_2_samples,0.05,"padj < 0.05",high_confidence
92,Egr-miR482b,QIN-2021,DH201_stem_vs_DH201_callus,-1.43645081096802,1.90420638344138e-09,up_in_DH201_callus,340831.275769418,0.232169033521058,-6.18709045380821,6.12848031452398e-10,"~ group",2,3_per_group,99,87,raw_count>=10_in_at_least_2_samples,0.05,"padj < 0.05",high_confidence
19,Chr05_19934,QIN-2021,DH201_stem_vs_DH201_callus,9.26861703154693,8.54890524813117e-09,up_in_DH201_stem,77.8542897823154,1.56036438763791,5.94003369019324,2.84963508271039e-09,"~ group",2,3_per_group,99,87,raw_count>=10_in_at_least_2_samples,0.05,"padj < 0.05",high_confidence
86,Egr-miR167a,QIN-2021,DH201_stem_vs_DH201_callus,-2.1668318954211,8.8899511569489e-09,up_in_DH201_callus,40985.6201525657,0.365521762348784,-5.9280516746729,3.0655003989479e-09,"~ group",2,3_per_group,99,87,raw_count>=10_in_at_least_2_samples,0.05,"padj < 0.05",high_confidence
52,Chr09_37979,QIN-2021,DH201_stem_vs_DH201_callus,-2.49248237223869,4.50781675464915e-08,up_in_DH201_callus,96.4414838613334,0.4411619977514,-5.64981205303915,1.60623355625429e-08,"~ group",2,3_per_group,99,87,raw_count>=10_in_at_least_2_samples,0.05,"padj < 0.05",high_confidence
88,Egr-miR167c,QIN-2021,DH201_stem_vs_DH201_callus,-2.1780446700288,5.82461586084313e-08,up_in_DH201_callus,38514.2741191437,0.388930196306394,-5.60009145783314,2.14238744306874e-08,"~ group",2,3_per_group,99,87,raw_count>=10_in_at_least_2_samples,0.05,"padj < 0.05",high_confidence
8,Chr02_5696,QIN-2021,DH201_stem_vs_DH201_callus,3.65400169255544,1.56159338296151e-07,up_in_DH201_stem,40.106722209484,0.674033047768684,5.42110168730098,5.92328524571607e-08,"~ group",2,3_per_group,99,87,raw_count>=10_in_at_least_2_samples,0.05,"padj < 0.05",high_confidence
17,Chr05_17624,QIN-2021,DH201_stem_vs_DH201_callus,1.47790918653122,2.34304202099246e-06,up_in_DH201_stem,21102.8142925511,0.301659332699253,4.89926558315587,9.61955434243177e-07,"~ group",2,3_per_group,99,87,raw_count>=10_in_at_least_2_samples,0.05,"padj < 0.05",high_confidence
37,Chr07_28646,QIN-2021,DH201_stem_vs_DH201_callus,1.47980312796668,2.34304202099246e-06,up_in_DH201_stem,21144.9678814905,0.301500448584828,4.90812910863824,9.19493185798341e-07,"~ group",2,3_per_group,99,87,raw_count>=10_in_at_least_2_samples,0.05,"padj < 0.05",high_confidence
55,Chr10_41575,QIN-2021,DH201_stem_vs_DH201_callus,1.48054777248677,2.34304202099246e-06,up_in_DH201_stem,21097.9575541427,0.302293066175738,4.89772323003286,9.69534629376189e-07,"~ group",2,3_per_group,99,87,raw_count>=10_in_at_least_2_samples,0.05,"padj < 0.05",high_confidence
82,Egr-miR164a,QIN-2021,DH201_stem_vs_DH201_callus,1.67688251851095,5.01396809697869e-06,up_in_DH201_stem,2887.49656049301,0.353738650258628,4.74045603239833,2.13237723664611e-06,"~ group",2,3_per_group,99,87,raw_count>=10_in_at_least_2_samples,0.05,"padj < 0.05",high_confidence
10,Chr02_8243,QIN-2021,DH201_stem_vs_DH201_callus,3.2452113170031,8.70458308931009e-05,up_in_DH201_stem,39.5300791431186,0.787826799564128,4.11919386189775,3.80200180912395e-05,"~ group",2,3_per_group,99,87,raw_count>=10_in_at_least_2_samples,0.05,"padj < 0.05",high_confidence
18,Chr05_19932,QIN-2021,DH201_stem_vs_DH201_callus,4.74427159697947,0.000113291335140296,up_in_DH201_stem,262.941106644342,1.18064204999717,4.01838270709641,5.85989664518773e-05,"~ group",2,3_per_group,99,87,raw_count>=10_in_at_least_2_samples,0.05,"padj < 0.05",high_confidence
20,Chr05_20206,QIN-2021,DH201_stem_vs_DH201_callus,4.74427159697947,0.000113291335140296,up_in_DH201_stem,262.941106644342,1.18064204999717,4.01838270709641,5.85989664518773e-05,"~ group",2,3_per_group,99,87,raw_count>=10_in_at_least_2_samples,0.05,"padj < 0.05",high_confidence
21,Chr05_20208,QIN-2021,DH201_stem_vs_DH201_callus,4.74427159697947,0.000113291335140296,up_in_DH201_stem,262.941106644342,1.18064204999717,4.01838270709641,5.85989664518773e-05,"~ group",2,3_per_group,99,87,raw_count>=10_in_at_least_2_samples,0.05,"padj < 0.05",high_confidence
22,Chr05_20214,QIN-2021,DH201_stem_vs_DH201_callus,4.74427159697947,0.000113291335140296,up_in_DH201_stem,262.941106644342,1.18064204999717,4.01838270709641,5.85989664518773e-05,"~ group",2,3_per_group,99,87,raw_count>=10_in_at_least_2_samples,0.05,"padj < 0.05",high_confidence
24,Chr05_23089,QIN-2021,DH201_stem_vs_DH201_callus,4.74427159697947,0.000113291335140296,up_in_DH201_stem,262.941106644342,1.18064204999717,4.01838270709641,5.85989664518773e-05,"~ group",2,3_per_group,99,87,raw_count>=10_in_at_least_2_samples,0.05,"padj < 0.05",high_confidence
65,scaffold_46_44237,QIN-2021,DH201_stem_vs_DH201_callus,4.74427159697947,0.000113291335140296,up_in_DH201_stem,262.941106644342,1.18064204999717,4.01838270709641,5.85989664518773e-05,"~ group",2,3_per_group,99,87,raw_count>=10_in_at_least_2_samples,0.05,"padj < 0.05",high_confidence
66,scaffold_46_44239,QIN-2021,DH201_stem_vs_DH201_callus,4.74427159697947,0.000113291335140296,up_in_DH201_stem,262.941106644342,1.18064204999717,4.01838270709641,5.85989664518773e-05,"~ group",2,3_per_group,99,87,raw_count>=10_in_at_least_2_samples,0.05,"padj < 0.05",high_confidence
98,Egr-miRN5668,QIN-2021,DH201_stem_vs_DH201_callus,-0.727929673440471,0.00250605373141087,up_in_DH201_callus,5047.05833030748,0.22673400923894,-3.2105006032569,0.00132503990396437,"~ group",2,3_per_group,99,87,raw_count>=10_in_at_least_2_samples,0.05,"padj < 0.05",high_confidence
81,Egr-miR156o,QIN-2021,DH201_stem_vs_DH201_callus,-0.668662717489032,0.00575897094354284,up_in_DH201_callus,5404.52856029838,0.226164309053407,-2.95653509737088,0.00311116821087946,"~ group",2,3_per_group,99,87,raw_count>=10_in_at_least_2_samples,0.05,"padj < 0.05",high_confidence
99,Egr-miRN5674,QIN-2021,DH201_stem_vs_DH201_callus,-1.01126625706855,0.00638466271740016,up_in_DH201_callus,8202.45679393071,0.34655858289719,-2.91802398490459,0.00352257253373802,"~ group",2,3_per_group,99,87,raw_count>=10_in_at_least_2_samples,0.05,"padj < 0.05",high_confidence
35,Chr07_27909,QIN-2021,DH201_stem_vs_DH201_callus,1.07828193733025,0.00789210538156151,up_in_DH201_stem,84.368595494016,0.382491154388991,2.81910293860977,0.0048158071339066,"~ group",2,3_per_group,99,87,raw_count>=10_in_at_least_2_samples,0.05,"padj < 0.05",high_confidence
71,Egr-miR156d,QIN-2021,DH201_stem_vs_DH201_callus,-0.635134412376637,0.00789210538156151,up_in_DH201_callus,5259.63485529143,0.226209522507511,-2.80772624130157,0.00498926202282624,"~ group",2,3_per_group,99,87,raw_count>=10_in_at_least_2_samples,0.05,"padj < 0.05",high_confidence
72,Egr-miR156e,QIN-2021,DH201_stem_vs_DH201_callus,-0.635134412376637,0.00789210538156151,up_in_DH201_callus,5259.63485529143,0.226209522507511,-2.80772624130157,0.00498926202282624,"~ group",2,3_per_group,99,87,raw_count>=10_in_at_least_2_samples,0.05,"padj < 0.05",high_confidence
73,Egr-miR156f,QIN-2021,DH201_stem_vs_DH201_callus,-0.635134412376637,0.00789210538156151,up_in_DH201_callus,5259.63485529143,0.226209522507511,-2.80772624130157,0.00498926202282624,"~ group",2,3_per_group,99,87,raw_count>=10_in_at_least_2_samples,0.05,"padj < 0.05",high_confidence
74,Egr-miR156h,QIN-2021,DH201_stem_vs_DH201_callus,-0.635134412376637,0.00789210538156151,up_in_DH201_callus,5259.63485529143,0.226209522507511,-2.80772624130157,0.00498926202282624,"~ group",2,3_per_group,99,87,raw_count>=10_in_at_least_2_samples,0.05,"padj < 0.05",high_confidence
75,Egr-miR156i,QIN-2021,DH201_stem_vs_DH201_callus,-0.635134412376637,0.00789210538156151,up_in_DH201_callus,5259.63485529143,0.226209522507511,-2.80772624130157,0.00498926202282624,"~ group",2,3_per_group,99,87,raw_count>=10_in_at_least_2_samples,0.05,"padj < 0.05",high_confidence
76,Egr-miR156j,QIN-2021,DH201_stem_vs_DH201_callus,-0.635134412376637,0.00789210538156151,up_in_DH201_callus,5259.63485529143,0.226209522507511,-2.80772624130157,0.00498926202282624,"~ group",2,3_per_group,99,87,raw_count>=10_in_at_least_2_samples,0.05,"padj < 0.05",high_confidence
39,Chr07_30134,QIN-2021,DH201_stem_vs_DH201_callus,5.19181374408137,0.00799758612900728,up_in_DH201_stem,9.16527785467897,1.85578861022398,2.79763207699327,0.00514787153131503,"~ group",2,3_per_group,99,87,raw_count>=10_in_at_least_2_samples,0.05,"padj < 0.05",high_confidence
91,Egr-miR482a,QIN-2021,DH201_stem_vs_DH201_callus,-0.962462488371849,0.0157060178431494,up_in_DH201_callus,76913.7944730562,0.375093980115348,-2.56592358020748,0.0102901496213738,"~ group",2,3_per_group,99,87,raw_count>=10_in_at_least_2_samples,0.05,"padj < 0.05",high_confidence
77,Egr-miR156k,QIN-2021,DH201_stem_vs_DH201_callus,0.70820743722632,0.0249395860908656,up_in_DH201_stem,16177.6637586474,0.295718889294638,2.39486709460992,0.0166263907272438,"~ group",2,3_per_group,99,87,raw_count>=10_in_at_least_2_samples,0.05,"padj < 0.05",high_confidence
54,Chr10_41201,QIN-2021,DH201_stem_vs_DH201_callus,-2.1300730777285,0.0291581112658363,up_in_DH201_callus,12.7375516793704,0.913954864877342,-2.33061079883235,0.0197738915480959,"~ group",2,3_per_group,99,87,raw_count>=10_in_at_least_2_samples,0.05,"padj < 0.05",high_confidence
16,Chr05_18368,QIN-2021,DH201_stem_vs_DH201_callus,0.804994574668973,0.0369320371315328,up_in_DH201_stem,376.931069710402,0.360306625096258,2.23419309720967,0.0254703704355398,"~ group",2,3_per_group,99,87,raw_count>=10_in_at_least_2_samples,0.05,"padj < 0.05",high_confidence
23,Chr05_19036,QIN-2021,DH201_stem_vs_DH201_callus,0.92402651027196,0.0430730433513839,up_in_DH201_stem,257.542193353892,0.428856298836752,2.1546296808006,0.0311908244958297,"~ group",2,3_per_group,99,87,raw_count>=10_in_at_least_2_samples,0.05,"padj < 0.05",high_confidence
29,Chr05_21615,QIN-2021,DH201_stem_vs_DH201_callus,0.92402651027196,0.0430730433513839,up_in_DH201_stem,257.542193353892,0.428856298836752,2.1546296808006,0.0311908244958297,"~ group",2,3_per_group,99,87,raw_count>=10_in_at_least_2_samples,0.05,"padj < 0.05",high_confidence
42,Chr08_30632,QIN-2021,DH201_stem_vs_DH201_callus,-1.40245323028507,0.0430730433513839,up_in_DH201_callus,30.863483833276,0.648992345493527,-2.16097037202893,0.0306976281495812,"~ group",2,3_per_group,99,87,raw_count>=10_in_at_least_2_samples,0.05,"padj < 0.05",high_confidence
43,Chr08_31426,QIN-2021,GL9_callus_vs_DH201_callus,12.3098249624871,1.71219692208085e-21,up_in_GL9_callus,919.080392476433,1.23593864773002,9.9598996965552,2.28292922944113e-23,"~ group",2,3_per_group,99,79,raw_count>=10_in_at_least_2_samples,0.05,"padj < 0.05",high_confidence
48,Chr08_35612,QIN-2021,GL9_callus_vs_DH201_callus,5.07242570443963,3.45700882468444e-17,up_in_GL9_callus,121.894528587455,0.57353136228396,8.84419935509687,9.21869019915852e-19,"~ group",2,3_per_group,99,79,raw_count>=10_in_at_least_2_samples,0.05,"padj < 0.05",high_confidence
82,Egr-miR164a,QIN-2021,GL9_callus_vs_DH201_callus,2.47252120480479,1.23530212205811e-14,up_in_GL9_callus,3327.1581553641,0.304762905005908,8.11293357620695,4.94120848823243e-16,"~ group",2,3_per_group,99,79,raw_count>=10_in_at_least_2_samples,0.05,"padj < 0.05",high_confidence
44,Chr08_33849,QIN-2021,GL9_callus_vs_DH201_callus,2.99713776761912,5.46311740808525e-13,up_in_GL9_callus,80.3693312566548,0.394251359694204,7.60209874721502,2.91366261764546e-14,"~ group",2,3_per_group,99,79,raw_count>=10_in_at_least_2_samples,0.05,"padj < 0.05",high_confidence
45,Chr08_34494,QIN-2021,GL9_callus_vs_DH201_callus,-2.98762289508914,5.09350011302741e-12,up_in_DH201_callus,149.11218548618,0.410517620121325,-7.27769710397857,3.39566674201827e-13,"~ group",2,3_per_group,99,79,raw_count>=10_in_at_least_2_samples,0.05,"padj < 0.05",high_confidence
41,Chr08_30829,QIN-2021,GL9_callus_vs_DH201_callus,3.35365551733402,1.11095598175661e-11,up_in_GL9_callus,56.9960333384409,0.469258056196554,7.14671910913195,8.8876478540529e-13,"~ group",2,3_per_group,99,79,raw_count>=10_in_at_least_2_samples,0.05,"padj < 0.05",high_confidence
1,Chr01_850,QIN-2021,GL9_callus_vs_DH201_callus,-2.28621576820219,7.4986701631514e-09,up_in_DH201_callus,46853.4846184651,0.370770778886943,-6.1661163672753,6.99875881894131e-10,"~ group",2,3_per_group,99,79,raw_count>=10_in_at_least_2_samples,0.05,"padj < 0.05",high_confidence
56,Chr10_40549,QIN-2021,GL9_callus_vs_DH201_callus,2.86223873628821,2.25066070853953e-07,up_in_GL9_callus,32.4559483760431,0.512916195269749,5.58032435451354,2.4007047557755e-08,"~ group",2,3_per_group,99,79,raw_count>=10_in_at_least_2_samples,0.05,"padj < 0.05",high_confidence
23,Chr05_19036,QIN-2021,GL9_callus_vs_DH201_callus,-1.9055677719532,4.25968123297967e-06,up_in_DH201_callus,82.4304183464662,0.38097595128352,-5.00180592904429,5.67957497730623e-07,"~ group",2,3_per_group,99,79,raw_count>=10_in_at_least_2_samples,0.05,"padj < 0.05",high_confidence
29,Chr05_21615,QIN-2021,GL9_callus_vs_DH201_callus,-1.9055677719532,4.25968123297967e-06,up_in_DH201_callus,82.4304183464662,0.38097595128352,-5.00180592904429,5.67957497730623e-07,"~ group",2,3_per_group,99,79,raw_count>=10_in_at_least_2_samples,0.05,"padj < 0.05",high_confidence
53,Chr10_41135,QIN-2021,GL9_callus_vs_DH201_callus,-2.45007211358305,3.44429170893573e-05,up_in_DH201_callus,139.899752580707,0.536986554173524,-4.56263214514553,5.0516278397724e-06,"~ group",2,3_per_group,99,79,raw_count>=10_in_at_least_2_samples,0.05,"padj < 0.05",high_confidence
60,Chr11_43106,QIN-2021,GL9_callus_vs_DH201_callus,1.79218222519146,0.000301571591205408,up_in_GL9_callus,685.324935255203,0.440996347213321,4.06393893399879,4.82514545928653e-05,"~ group",2,3_per_group,99,79,raw_count>=10_in_at_least_2_samples,0.05,"padj < 0.05",high_confidence
6,Chr01_2889,QIN-2021,GL9_callus_vs_DH201_callus,1.80021156513524,0.000831564018226014,up_in_GL9_callus,211.410355652161,0.476206159636789,3.78031978105511,0.000156627058805382,"~ group",2,3_per_group,99,79,raw_count>=10_in_at_least_2_samples,0.05,"padj < 0.05",high_confidence
7,Chr01_2891,QIN-2021,GL9_callus_vs_DH201_callus,1.80021156513524,0.000831564018226014,up_in_GL9_callus,211.410355652161,0.476206159636789,3.78031978105511,0.000156627058805382,"~ group",2,3_per_group,99,79,raw_count>=10_in_at_least_2_samples,0.05,"padj < 0.05",high_confidence
16,Chr05_18368,QIN-2021,GL9_callus_vs_DH201_callus,1.67232082030964,0.000831564018226014,up_in_GL9_callus,420.025085164479,0.444133672605509,3.76535471967026,0.000166312803645203,"~ group",2,3_per_group,99,79,raw_count>=10_in_at_least_2_samples,0.05,"padj < 0.05",high_confidence
87,Egr-miR167b,QIN-2021,GL9_callus_vs_DH201_callus,-1.19894364886182,0.00259946638411339,up_in_DH201_callus,345.571106831369,0.347225984302052,-3.45292029705605,0.000554552828610857,"~ group",2,3_per_group,99,79,raw_count>=10_in_at_least_2_samples,0.05,"padj < 0.05",high_confidence
32,Chr06_24998,QIN-2021,GL9_callus_vs_DH201_callus,-1.71779093248837,0.00632301226988673,up_in_DH201_callus,566.274925578076,0.541665776410832,-3.17131154910827,0.00151752294477282,"~ group",2,3_per_group,99,79,raw_count>=10_in_at_least_2_samples,0.05,"padj < 0.05",high_confidence
96,Egr-miRN5652,QIN-2021,GL9_callus_vs_DH201_callus,-1.71779093248837,0.00632301226988673,up_in_DH201_callus,566.274925578076,0.541665776410832,-3.17131154910827,0.00151752294477282,"~ group",2,3_per_group,99,79,raw_count>=10_in_at_least_2_samples,0.05,"padj < 0.05",high_confidence
15,Chr03_14181,QIN-2021,GL9_callus_vs_DH201_callus,-3.16367036506877,0.00717698335839151,up_in_DH201_callus,1577.76130798194,1.01450719897348,-3.11843067084187,0.00181816911745918,"~ group",2,3_per_group,99,79,raw_count>=10_in_at_least_2_samples,0.05,"padj < 0.05",high_confidence
98,Egr-miRN5668,QIN-2021,GL9_callus_vs_DH201_callus,-0.898788370102798,0.0231836510747905,up_in_DH201_callus,3546.91233825783,0.32827029815907,-2.73795215449943,0.00618230695327746,"~ group",2,3_per_group,99,79,raw_count>=10_in_at_least_2_samples,0.05,"padj < 0.05",high_confidence
88,Egr-miR167c,QIN-2021,GL9_callus_vs_DH201_callus,-1.18148255448722,0.0252579836161646,up_in_DH201_callus,33666.0601444928,0.43865456555839,-2.69342358943246,0.00707223541252609,"~ group",2,3_per_group,99,79,raw_count>=10_in_at_least_2_samples,0.05,"padj < 0.05",high_confidence
58,Chr11_42092,QIN-2021,GL9_callus_vs_DH201_callus,1.02414615122341,0.0346803219505228,up_in_GL9_callus,300.445215037208,0.398516519010629,2.56989635904175,0.01017289443882,"~ group",2,3_per_group,99,79,raw_count>=10_in_at_least_2_samples,0.05,"padj < 0.05",high_confidence
54,Chr10_41201,QIN-2021,GL9_callus_vs_DH201_callus,-1.94145154417731,0.0353692935191027,up_in_DH201_callus,9.69803541621243,0.762069897475705,-2.5476029831492,0.0108465833458582,"~ group",2,3_per_group,99,79,raw_count>=10_in_at_least_2_samples,0.05,"padj < 0.05",high_confidence
86,Egr-miR167a,QIN-2021,GL9_callus_vs_DH201_callus,-1.0283995129321,0.0439343363778966,up_in_DH201_callus,36984.4572787492,0.418771613693156,-2.4557526807097,0.0140589876409269,"~ group",2,3_per_group,99,79,raw_count>=10_in_at_least_2_samples,0.05,"padj < 0.05",high_confidence
1,Chr01_850,QIN-2021,GL9_stem_vs_DH201_stem,-5.90315925377726,3.79080099141333e-113,up_in_DH201_stem,16805.7640756732,0.258852018351955,-22.8051505696621,4.0761300982939e-115,"~ group",2,3_per_group,99,93,raw_count>=10_in_at_least_2_samples,0.05,"padj < 0.05",high_confidence
23,Chr05_19036,QIN-2021,GL9_stem_vs_DH201_stem,-4.31366511146993,2.30199642441087e-29,up_in_DH201_stem,269.954479551954,0.373493922183534,-11.5494921209192,7.42579491745442e-31,"~ group",2,3_per_group,99,93,raw_count>=10_in_at_least_2_samples,0.05,"padj < 0.05",high_confidence
29,Chr05_21615,QIN-2021,GL9_stem_vs_DH201_stem,-4.31366511146993,2.30199642441087e-29,up_in_DH201_stem,269.954479551954,0.373493922183534,-11.5494921209192,7.42579491745442e-31,"~ group",2,3_per_group,99,93,raw_count>=10_in_at_least_2_samples,0.05,"padj < 0.05",high_confidence
49,Chr09_36711,QIN-2021,GL9_stem_vs_DH201_stem,3.75815911113133,6.37524159140818e-21,up_in_GL9_stem,225.908585578139,0.3870529377521,9.70967726781179,2.74203939415406e-22,"~ group",2,3_per_group,99,93,raw_count>=10_in_at_least_2_samples,0.05,"padj < 0.05",high_confidence
31,Chr06_24996,QIN-2021,GL9_stem_vs_DH201_stem,-2.14626107355219,1.97516032332306e-13,up_in_DH201_stem,4355.51932620326,0.277595472129045,-7.73161412573209,1.06191415232422e-14,"~ group",2,3_per_group,99,93,raw_count>=10_in_at_least_2_samples,0.05,"padj < 0.05",high_confidence
32,Chr06_24998,QIN-2021,GL9_stem_vs_DH201_stem,-2.74972040907425,4.21564033360891e-13,up_in_DH201_stem,1994.23759512293,0.362231557491187,-7.59105702473521,3.17306261669488e-14,"~ group",2,3_per_group,99,93,raw_count>=10_in_at_least_2_samples,0.05,"padj < 0.05",high_confidence
96,Egr-miRN5652,QIN-2021,GL9_stem_vs_DH201_stem,-2.74972040907425,4.21564033360891e-13,up_in_DH201_stem,1994.23759512293,0.362231557491187,-7.59105702473521,3.17306261669488e-14,"~ group",2,3_per_group,99,93,raw_count>=10_in_at_least_2_samples,0.05,"padj < 0.05",high_confidence
43,Chr08_31426,QIN-2021,GL9_stem_vs_DH201_stem,8.97049857095824,9.74213403711722e-12,up_in_GL9_stem,96.6221895444429,1.25377587241179,7.1547864082776,8.38033035450944e-13,"~ group",2,3_per_group,99,93,raw_count>=10_in_at_least_2_samples,0.05,"padj < 0.05",high_confidence
9,Chr02_5754,QIN-2021,GL9_stem_vs_DH201_stem,1.93340801547466,4.36539088607171e-08,up_in_GL9_stem,6108.1236538906,0.32938425587779,5.86976451051749,4.36414567482347e-09,"~ group",2,3_per_group,99,93,raw_count>=10_in_at_least_2_samples,0.05,"padj < 0.05",high_confidence
57,Chr11_41982,QIN-2021,GL9_stem_vs_DH201_stem,1.93082351797488,4.36539088607171e-08,up_in_GL9_stem,6098.79081881765,0.329622943507297,5.85767330826635,4.69396869470076e-09,"~ group",2,3_per_group,99,93,raw_count>=10_in_at_least_2_samples,0.05,"padj < 0.05",high_confidence
11,Chr03_9415,QIN-2021,GL9_stem_vs_DH201_stem,1.5850268485637,1.03234576257206e-06,up_in_GL9_stem,8156.16782844743,0.299609123583856,5.29031569400814,1.2210541277734e-07,"~ group",2,3_per_group,99,93,raw_count>=10_in_at_least_2_samples,0.05,"padj < 0.05",high_confidence
59,Chr11_44314,QIN-2021,GL9_stem_vs_DH201_stem,-1.45472708004624,1.92613612484268e-05,up_in_DH201_stem,1479.29390024214,0.30890326365448,-4.70932894277674,2.48533693528088e-06,"~ group",2,3_per_group,99,93,raw_count>=10_in_at_least_2_samples,0.05,"padj < 0.05",high_confidence
47,Chr08_35572,QIN-2021,GL9_stem_vs_DH201_stem,-2.30595460301098,2.08819394247239e-05,up_in_DH201_stem,75.0997031732074,0.494711310820573,-4.66121261546681,3.14351776286166e-06,"~ group",2,3_per_group,99,93,raw_count>=10_in_at_least_2_samples,0.05,"padj < 0.05",high_confidence
68,scaffold_60_44348,QIN-2021,GL9_stem_vs_DH201_stem,-2.30595460301098,2.08819394247239e-05,up_in_DH201_stem,75.0997031732074,0.494711310820573,-4.66121261546681,3.14351776286166e-06,"~ group",2,3_per_group,99,93,raw_count>=10_in_at_least_2_samples,0.05,"padj < 0.05",high_confidence
98,Egr-miRN5668,QIN-2021,GL9_stem_vs_DH201_stem,-1.35503582150597,4.49341306028046e-05,up_in_DH201_stem,4081.59117808231,0.302039348493448,-4.4862890489759,7.2474404198072e-06,"~ group",2,3_per_group,99,93,raw_count>=10_in_at_least_2_samples,0.05,"padj < 0.05",high_confidence
2,Chr01_1229,QIN-2021,GL9_stem_vs_DH201_stem,-1.29140473230196,8.11129261438444e-05,up_in_DH201_stem,75054.352282878,0.298160407077888,-4.33124151176992,1.48270940262941e-05,"~ group",2,3_per_group,99,93,raw_count>=10_in_at_least_2_samples,0.05,"padj < 0.05",high_confidence
33,Chr07_27100,QIN-2021,GL9_stem_vs_DH201_stem,-3.34777868629623,8.11129261438444e-05,up_in_DH201_stem,16.5900589839595,0.770888535654279,-4.34275324052505,1.40708146690811e-05,"~ group",2,3_per_group,99,93,raw_count>=10_in_at_least_2_samples,0.05,"padj < 0.05",high_confidence
34,Chr07_27268,QIN-2021,GL9_stem_vs_DH201_stem,4.68235660335091,0.000147725257756848,up_in_GL9_stem,14.1527239865965,1.11900301820816,4.18440033419093,2.85919853722932e-05,"~ group",2,3_per_group,99,93,raw_count>=10_in_at_least_2_samples,0.05,"padj < 0.05",high_confidence
50,Chr09_36714,QIN-2021,GL9_stem_vs_DH201_stem,1.24877126147099,0.000292626293195492,up_in_GL9_stem,459.782597722465,0.311130128409054,4.01366228290557,5.97838663517672e-05,"~ group",2,3_per_group,99,93,raw_count>=10_in_at_least_2_samples,0.05,"padj < 0.05",high_confidence
46,Chr08_34702,QIN-2021,GL9_stem_vs_DH201_stem,1.18681214625447,0.00036415931890456,up_in_GL9_stem,673.218074124524,0.300496627631372,3.94950238080663,7.83138320224859e-05,"~ group",2,3_per_group,99,93,raw_count>=10_in_at_least_2_samples,0.05,"padj < 0.05",high_confidence
51,Chr09_36718,QIN-2021,GL9_stem_vs_DH201_stem,1.72535220574362,0.000452312209364974,up_in_GL9_stem,276.129272241187,0.44535015707739,3.87414751813774,0.000106998587161607,"~ group",2,3_per_group,99,93,raw_count>=10_in_at_least_2_samples,0.05,"padj < 0.05",high_confidence
61,scaffold_1630_46529,QIN-2021,GL9_stem_vs_DH201_stem,1.72535220574362,0.000452312209364974,up_in_GL9_stem,276.129272241187,0.44535015707739,3.87414751813774,0.000106998587161607,"~ group",2,3_per_group,99,93,raw_count>=10_in_at_least_2_samples,0.05,"padj < 0.05",high_confidence
41,Chr08_30829,QIN-2021,GL9_stem_vs_DH201_stem,2.52676243492675,0.000655128167275383,up_in_GL9_stem,18.1261604888875,0.671258649772953,3.76421582914634,0.000167072539185906,"~ group",2,3_per_group,99,93,raw_count>=10_in_at_least_2_samples,0.05,"padj < 0.05",high_confidence
88,Egr-miR167c,QIN-2021,GL9_stem_vs_DH201_stem,-1.01994027180833,0.000655128167275383,up_in_DH201_stem,15878.3286306245,0.271170452793981,-3.76125149808715,0.000169065333490421,"~ group",2,3_per_group,99,93,raw_count>=10_in_at_least_2_samples,0.05,"padj < 0.05",high_confidence
25,Chr05_23094,QIN-2021,GL9_stem_vs_DH201_stem,2.44508835608356,0.000914110206056653,up_in_GL9_stem,24.7253940406569,0.672175191057426,3.63757601978302,0.000275215976017057,"~ group",2,3_per_group,99,93,raw_count>=10_in_at_least_2_samples,0.05,"padj < 0.05",high_confidence
26,Chr05_23096,QIN-2021,GL9_stem_vs_DH201_stem,2.44508835608356,0.000914110206056653,up_in_GL9_stem,24.7253940406569,0.672175191057426,3.63757601978302,0.000275215976017057,"~ group",2,3_per_group,99,93,raw_count>=10_in_at_least_2_samples,0.05,"padj < 0.05",high_confidence
27,Chr05_23098,QIN-2021,GL9_stem_vs_DH201_stem,2.44508835608356,0.000914110206056653,up_in_GL9_stem,24.7253940406569,0.672175191057426,3.63757601978302,0.000275215976017057,"~ group",2,3_per_group,99,93,raw_count>=10_in_at_least_2_samples,0.05,"padj < 0.05",high_confidence
67,scaffold_46_44242,QIN-2021,GL9_stem_vs_DH201_stem,2.44508835608356,0.000914110206056653,up_in_GL9_stem,24.7253940406569,0.672175191057426,3.63757601978302,0.000275215976017057,"~ group",2,3_per_group,99,93,raw_count>=10_in_at_least_2_samples,0.05,"padj < 0.05",high_confidence
18,Chr05_19932,QIN-2021,GL9_stem_vs_DH201_stem,1.21258404945086,0.00182607309567445,up_in_GL9_stem,1261.43271368807,0.357207288193552,3.39462292492146,0.000687231810200063,"~ group",2,3_per_group,99,93,raw_count>=10_in_at_least_2_samples,0.05,"padj < 0.05",high_confidence
20,Chr05_20206,QIN-2021,GL9_stem_vs_DH201_stem,1.21258404945086,0.00182607309567445,up_in_GL9_stem,1261.43271368807,0.357207288193552,3.39462292492146,0.000687231810200063,"~ group",2,3_per_group,99,93,raw_count>=10_in_at_least_2_samples,0.05,"padj < 0.05",high_confidence
21,Chr05_20208,QIN-2021,GL9_stem_vs_DH201_stem,1.21258404945086,0.00182607309567445,up_in_GL9_stem,1261.43271368807,0.357207288193552,3.39462292492146,0.000687231810200063,"~ group",2,3_per_group,99,93,raw_count>=10_in_at_least_2_samples,0.05,"padj < 0.05",high_confidence
22,Chr05_20214,QIN-2021,GL9_stem_vs_DH201_stem,1.21258404945086,0.00182607309567445,up_in_GL9_stem,1261.43271368807,0.357207288193552,3.39462292492146,0.000687231810200063,"~ group",2,3_per_group,99,93,raw_count>=10_in_at_least_2_samples,0.05,"padj < 0.05",high_confidence
24,Chr05_23089,QIN-2021,GL9_stem_vs_DH201_stem,1.21258404945086,0.00182607309567445,up_in_GL9_stem,1261.43271368807,0.357207288193552,3.39462292492146,0.000687231810200063,"~ group",2,3_per_group,99,93,raw_count>=10_in_at_least_2_samples,0.05,"padj < 0.05",high_confidence
65,scaffold_46_44237,QIN-2021,GL9_stem_vs_DH201_stem,1.21258404945086,0.00182607309567445,up_in_GL9_stem,1261.43271368807,0.357207288193552,3.39462292492146,0.000687231810200063,"~ group",2,3_per_group,99,93,raw_count>=10_in_at_least_2_samples,0.05,"padj < 0.05",high_confidence
66,scaffold_46_44239,QIN-2021,GL9_stem_vs_DH201_stem,1.21258404945086,0.00182607309567445,up_in_GL9_stem,1261.43271368807,0.357207288193552,3.39462292492146,0.000687231810200063,"~ group",2,3_per_group,99,93,raw_count>=10_in_at_least_2_samples,0.05,"padj < 0.05",high_confidence
77,Egr-miR156k,QIN-2021,GL9_stem_vs_DH201_stem,-1.2042867491679,0.00204295125137811,up_in_DH201_stem,22308.4698712059,0.358847149904974,-3.35598805643798,0.000790819839243139,"~ group",2,3_per_group,99,93,raw_count>=10_in_at_least_2_samples,0.05,"padj < 0.05",high_confidence
8,Chr02_5696,QIN-2021,GL9_stem_vs_DH201_stem,1.06696819250388,0.00218088416431833,up_in_GL9_stem,176.524309527605,0.320386296253614,3.33025539787531,0.000867663592255679,"~ group",2,3_per_group,99,93,raw_count>=10_in_at_least_2_samples,0.05,"padj < 0.05",high_confidence
89,Egr-miR396a,QIN-2021,GL9_stem_vs_DH201_stem,-0.880868142260938,0.00347137271761556,up_in_DH201_stem,30388.2498896339,0.276709703626413,-3.18336556585021,0.00145573694609685,"~ group",2,3_per_group,99,93,raw_count>=10_in_at_least_2_samples,0.05,"padj < 0.05",high_confidence
90,Egr-miR396c,QIN-2021,GL9_stem_vs_DH201_stem,-0.880868142260938,0.00347137271761556,up_in_DH201_stem,30388.2498896339,0.276709703626413,-3.18336556585021,0.00145573694609685,"~ group",2,3_per_group,99,93,raw_count>=10_in_at_least_2_samples,0.05,"padj < 0.05",high_confidence
39,Chr07_30134,QIN-2021,GL9_stem_vs_DH201_stem,-2.19166758947002,0.00666126589248495,up_in_DH201_stem,17.2059521081814,0.735000974888439,-2.98185671087399,0.00286506059891826,"~ group",2,3_per_group,99,93,raw_count>=10_in_at_least_2_samples,0.05,"padj < 0.05",high_confidence
91,Egr-miR482a,QIN-2021,GL9_stem_vs_DH201_stem,-0.840243759466665,0.00953638451895368,up_in_DH201_stem,63012.2565506779,0.293543286400664,-2.86241858830931,0.0042042125298613,"~ group",2,3_per_group,99,93,raw_count>=10_in_at_least_2_samples,0.05,"padj < 0.05",high_confidence
86,Egr-miR167a,QIN-2021,GL9_stem_vs_DH201_stem,-0.762224564295986,0.0109783347888099,up_in_DH201_stem,18102.3880847645,0.271278165453665,-2.80975272381874,0.00495795764655931,"~ group",2,3_per_group,99,93,raw_count>=10_in_at_least_2_samples,0.05,"padj < 0.05",high_confidence
16,Chr05_18368,QIN-2021,GL9_stem_vs_DH201_stem,0.814831381197229,0.0119627068624701,up_in_GL9_stem,1030.65387023125,0.293701292723992,2.77435408485918,0.0055311440331851,"~ group",2,3_per_group,99,93,raw_count>=10_in_at_least_2_samples,0.05,"padj < 0.05",high_confidence
92,Egr-miR482b,QIN-2021,GL9_stem_vs_DH201_stem,-0.75150490743468,0.012501880118945,up_in_DH201_stem,227108.590103776,0.273029893990778,-2.75246382896103,0.0059148680132643,"~ group",2,3_per_group,99,93,raw_count>=10_in_at_least_2_samples,0.05,"padj < 0.05",high_confidence
99,Egr-miRN5674,QIN-2021,GL9_stem_vs_DH201_stem,-0.812637868637522,0.0185297656291504,up_in_DH201_stem,6470.24788137653,0.310956713762864,-2.61334723667437,0.00896601562700827,"~ group",2,3_per_group,99,93,raw_count>=10_in_at_least_2_samples,0.05,"padj < 0.05",high_confidence
83,Egr-miR165b,QIN-2021,GL9_stem_vs_DH201_stem,-0.672375572767621,0.0198576459071839,up_in_DH201_stem,636777.549031138,0.261898910970163,-2.56730954045174,0.0102491075649982,"~ group",2,3_per_group,99,93,raw_count>=10_in_at_least_2_samples,0.05,"padj < 0.05",high_confidence
84,Egr-miR165e,QIN-2021,GL9_stem_vs_DH201_stem,-0.674689160691204,0.0198576459071839,up_in_DH201_stem,634718.885475755,0.261989595026691,-2.57525174090394,0.0100167152445023,"~ group",2,3_per_group,99,93,raw_count>=10_in_at_least_2_samples,0.05,"padj < 0.05",high_confidence
85,Egr-miR165f,QIN-2021,GL9_stem_vs_DH201_stem,-0.672400298657745,0.0198576459071839,up_in_DH201_stem,636746.094244082,0.261901411169141,-2.56737944120315,0.0102470414786181,"~ group",2,3_per_group,99,93,raw_count>=10_in_at_least_2_samples,0.05,"padj < 0.05",high_confidence
45,Chr08_34494,QIN-2021,GL9_stem_vs_DH201_stem,-1.88001966708756,0.0380431602446614,up_in_DH201_stem,11.7130642472021,0.809434297377435,-2.32263405835263,0.0201988194579274,"~ group",2,3_per_group,99,93,raw_count>=10_in_at_least_2_samples,0.05,"padj < 0.05",high_confidence
60,Chr11_43106,QIN-2021,GL9_stem_vs_DH201_stem,-0.638938288533165,0.0380431602446614,up_in_DH201_stem,23766.2576204619,0.275650788875872,-2.31792657346932,0.0204533119594954,"~ group",2,3_per_group,99,93,raw_count>=10_in_at_least_2_samples,0.05,"padj < 0.05",high_confidence
71,Egr-miR156d,QIN-2021,GL9_stem_vs_DH201_stem,0.679120572754043,0.0388080978778787,up_in_GL9_stem,8354.05745510637,0.299520559710792,2.26735878635437,0.0233683170017334,"~ group",2,3_per_group,99,93,raw_count>=10_in_at_least_2_samples,0.05,"padj < 0.05",high_confidence
72,Egr-miR156e,QIN-2021,GL9_stem_vs_DH201_stem,0.679120572754043,0.0388080978778787,up_in_GL9_stem,8354.05745510637,0.299520559710792,2.26735878635437,0.0233683170017334,"~ group",2,3_per_group,99,93,raw_count>=10_in_at_least_2_samples,0.05,"padj < 0.05",high_confidence
73,Egr-miR156f,QIN-2021,GL9_stem_vs_DH201_stem,0.679120572754043,0.0388080978778787,up_in_GL9_stem,8354.05745510637,0.299520559710792,2.26735878635437,0.0233683170017334,"~ group",2,3_per_group,99,93,raw_count>=10_in_at_least_2_samples,0.05,"padj < 0.05",high_confidence
74,Egr-miR156h,QIN-2021,GL9_stem_vs_DH201_stem,0.679120572754043,0.0388080978778787,up_in_GL9_stem,8354.05745510637,0.299520559710792,2.26735878635437,0.0233683170017334,"~ group",2,3_per_group,99,93,raw_count>=10_in_at_least_2_samples,0.05,"padj < 0.05",high_confidence
75,Egr-miR156i,QIN-2021,GL9_stem_vs_DH201_stem,0.679120572754043,0.0388080978778787,up_in_GL9_stem,8354.05745510637,0.299520559710792,2.26735878635437,0.0233683170017334,"~ group",2,3_per_group,99,93,raw_count>=10_in_at_least_2_samples,0.05,"padj < 0.05",high_confidence
76,Egr-miR156j,QIN-2021,GL9_stem_vs_DH201_stem,0.679120572754043,0.0388080978778787,up_in_GL9_stem,8354.05745510637,0.299520559710792,2.26735878635437,0.0233683170017334,"~ group",2,3_per_group,99,93,raw_count>=10_in_at_least_2_samples,0.05,"padj < 0.05",high_confidence
97,Egr-miRN5654,QIN-2021,GL9_stem_vs_DH201_stem,-0.654016134066531,0.0396748737190012,up_in_DH201_stem,1339926.00480222,0.290404641342895,-2.25208567963038,0.0243168580858395,"~ group",2,3_per_group,99,93,raw_count>=10_in_at_least_2_samples,0.05,"padj < 0.05",high_confidence
81,Egr-miR156o,QIN-2021,GL9_stem_vs_DH201_stem,0.668316668767752,0.0407852997976176,up_in_GL9_stem,8423.58263987884,0.299061107095581,2.23471609283569,0.0254359934221701,"~ group",2,3_per_group,99,93,raw_count>=10_in_at_least_2_samples,0.05,"padj < 0.05",high_confidence
