source,target,interaction_type,score,inhibition_type
Chr03_9415,Eucgr.H01257,miRNA-target,0.0,Cleavage
Chr05_17624,Eucgr.G02821,miRNA-target,0.0,Cleavage
Chr05_17624,Eucgr.G02838,miRNA-target,0.0,Cleavage
Chr05_17624,Eucgr.J00923,miRNA-target,0.0,Cleavage
Chr07_28550,Eucgr.L00193,miRNA-target,0.0,Cleavage
Chr07_28646,Eucgr.G02821,miRNA-target,0.0,Cleavage
Chr07_28646,Eucgr.G02838,miRNA-target,0.0,Cleavage
Chr07_28646,Eucgr.J00923,miRNA-target,0.0,Cleavage
Chr08_34494,Eucgr.H03741,miRNA-target,0.0,Cleavage
Chr10_41201,Eucgr.J00249,miRNA-target,0.0,Cleavage
Chr10_41575,Eucgr.G02821,miRNA-target,0.0,Cleavage
Chr10_41575,Eucgr.G02838,miRNA-target,0.0,Cleavage
Chr10_41575,Eucgr.J00923,miRNA-target,0.0,Cleavage
Egr-miR482b,Eucgr.C03843,miRNA-target,0.0,Cleavage
Egr-miRN5654,Eucgr.F04164,miRNA-target,0.0,Cleavage
Chr05_17624,Eucgr.F04380,miRNA-target,0.5,Cleavage
Chr07_28646,Eucgr.F04380,miRNA-target,0.5,Cleavage
Chr08_34494,Eucgr.H03750,miRNA-target,0.5,Cleavage
Chr08_34494,Eucgr.H03528,miRNA-target,0.5,Cleavage
Chr08_34494,Eucgr.H03746,miRNA-target,0.5,Cleavage
Chr10_41575,Eucgr.F04380,miRNA-target,0.5,Cleavage
Chr11_43106,Eucgr.H01257,miRNA-target,0.5,Cleavage
Chr11_43106,Eucgr.E01510,miRNA-target,0.5,Cleavage
Chr11_43106,Eucgr.E01509,miRNA-target,0.5,Cleavage
Chr11_43106,Eucgr.E01510,miRNA-target,0.5,Cleavage
Chr11_44314,Eucgr.A00384,miRNA-target,0.5,Cleavage
Egr-miR164a,Eucgr.B00529,miRNA-target,0.5,Cleavage
Egr-miR165b,Eucgr.F03066,miRNA-target,0.5,Cleavage
Egr-miR165e,Eucgr.F03066,miRNA-target,0.5,Cleavage
Egr-miR165f,Eucgr.F03066,miRNA-target,0.5,Cleavage
Chr01_1229,Eucgr.H01257,miRNA-target,1.0,Cleavage
Chr01_1685,Eucgr.H02376,miRNA-target,1.0,Cleavage
Chr03_9415,Eucgr.E01510,miRNA-target,1.0,Cleavage
Chr03_9415,Eucgr.E01509,miRNA-target,1.0,Cleavage
Chr03_9415,Eucgr.E01510,miRNA-target,1.0,Cleavage
Chr05_17624,Eucgr.K01240,miRNA-target,1.0,Cleavage
Chr05_18368,Eucgr.H04688,miRNA-target,1.0,Cleavage
Chr07_28646,Eucgr.K01240,miRNA-target,1.0,Cleavage
Chr08_31426,Eucgr.C02718,miRNA-target,1.0,Cleavage
Chr08_31426,Eucgr.H02369,miRNA-target,1.0,Cleavage
Chr08_34494,Eucgr.H03745,miRNA-target,1.0,Cleavage
Chr10_40549,Eucgr.F01449,miRNA-target,1.0,Cleavage
Chr10_41575,Eucgr.K01240,miRNA-target,1.0,Cleavage
Chr11_44314,Eucgr.G01626,miRNA-target,1.0,Cleavage
Chr11_44314,Eucgr.G01626,miRNA-target,1.0,Cleavage
Egr-miR156a,Eucgr.A02441,miRNA-target,1.0,Cleavage
Egr-miR156a,Eucgr.K01828,miRNA-target,1.0,Cleavage
Egr-miR156a,Eucgr.B03500,miRNA-target,1.0,Cleavage
Egr-miR156a,Eucgr.E03260,miRNA-target,1.0,Cleavage
Egr-miR156b,Eucgr.A02441,miRNA-target,1.0,Cleavage
Egr-miR156b,Eucgr.K01828,miRNA-target,1.0,Cleavage
Egr-miR156b,Eucgr.B03500,miRNA-target,1.0,Cleavage
Egr-miR156b,Eucgr.E03260,miRNA-target,1.0,Cleavage
Egr-miR156d,Eucgr.E03260,miRNA-target,1.0,Cleavage
Egr-miR156d,Eucgr.B03518,miRNA-target,1.0,Cleavage
Egr-miR156d,Eucgr.K01046,miRNA-target,1.0,Cleavage
Egr-miR156d,Eucgr.K01046,miRNA-target,1.0,Cleavage
Egr-miR156d,Eucgr.K01046,miRNA-target,1.0,Cleavage
Egr-miR156d,Eucgr.F03303,miRNA-target,1.0,Cleavage
Egr-miR156d,Eucgr.K02708,miRNA-target,1.0,Cleavage
Egr-miR156d,Eucgr.D02505,miRNA-target,1.0,Cleavage
Egr-miR156d,Eucgr.K02708,miRNA-target,1.0,Cleavage
Egr-miR156d,Eucgr.K02708,miRNA-target,1.0,Cleavage
Egr-miR156d,Eucgr.A02441,miRNA-target,1.0,Cleavage
Egr-miR156d,Eucgr.K01828,miRNA-target,1.0,Cleavage
Egr-miR156d,Eucgr.B00631,miRNA-target,1.0,Cleavage
Egr-miR156d,Eucgr.K02545,miRNA-target,1.0,Cleavage
Egr-miR156d,Eucgr.B03500,miRNA-target,1.0,Cleavage
Egr-miR156d,Eucgr.K02545,miRNA-target,1.0,Cleavage
Egr-miR156e,Eucgr.E03260,miRNA-target,1.0,Cleavage
Egr-miR156e,Eucgr.B03518,miRNA-target,1.0,Cleavage
Egr-miR156e,Eucgr.K01046,miRNA-target,1.0,Cleavage
Egr-miR156e,Eucgr.K01046,miRNA-target,1.0,Cleavage
Egr-miR156e,Eucgr.K01046,miRNA-target,1.0,Cleavage
Egr-miR156e,Eucgr.F03303,miRNA-target,1.0,Cleavage
Egr-miR156e,Eucgr.K02708,miRNA-target,1.0,Cleavage
Egr-miR156e,Eucgr.D02505,miRNA-target,1.0,Cleavage
Egr-miR156e,Eucgr.K02708,miRNA-target,1.0,Cleavage
Egr-miR156e,Eucgr.K02708,miRNA-target,1.0,Cleavage
Egr-miR156e,Eucgr.A02441,miRNA-target,1.0,Cleavage
Egr-miR156e,Eucgr.K01828,miRNA-target,1.0,Cleavage
Egr-miR156e,Eucgr.B00631,miRNA-target,1.0,Cleavage
Egr-miR156e,Eucgr.K02545,miRNA-target,1.0,Cleavage
Egr-miR156e,Eucgr.B03500,miRNA-target,1.0,Cleavage
Egr-miR156e,Eucgr.K02545,miRNA-target,1.0,Cleavage
Egr-miR156f,Eucgr.E03260,miRNA-target,1.0,Cleavage
Egr-miR156f,Eucgr.B03518,miRNA-target,1.0,Cleavage
Egr-miR156f,Eucgr.K01046,miRNA-target,1.0,Cleavage
Egr-miR156f,Eucgr.K01046,miRNA-target,1.0,Cleavage
Egr-miR156f,Eucgr.K01046,miRNA-target,1.0,Cleavage
Egr-miR156f,Eucgr.F03303,miRNA-target,1.0,Cleavage
Egr-miR156f,Eucgr.K02708,miRNA-target,1.0,Cleavage
Egr-miR156f,Eucgr.D02505,miRNA-target,1.0,Cleavage
Egr-miR156f,Eucgr.K02708,miRNA-target,1.0,Cleavage
Egr-miR156f,Eucgr.K02708,miRNA-target,1.0,Cleavage
Egr-miR156f,Eucgr.A02441,miRNA-target,1.0,Cleavage
Egr-miR156f,Eucgr.K01828,miRNA-target,1.0,Cleavage
Egr-miR156f,Eucgr.B00631,miRNA-target,1.0,Cleavage
Egr-miR156f,Eucgr.K02545,miRNA-target,1.0,Cleavage
Egr-miR156f,Eucgr.B03500,miRNA-target,1.0,Cleavage
Egr-miR156f,Eucgr.K02545,miRNA-target,1.0,Cleavage
Egr-miR156h,Eucgr.E03260,miRNA-target,1.0,Cleavage
Egr-miR156h,Eucgr.B03518,miRNA-target,1.0,Cleavage
Egr-miR156h,Eucgr.K01046,miRNA-target,1.0,Cleavage
Egr-miR156h,Eucgr.K01046,miRNA-target,1.0,Cleavage
Egr-miR156h,Eucgr.K01046,miRNA-target,1.0,Cleavage
Egr-miR156h,Eucgr.F03303,miRNA-target,1.0,Cleavage
Egr-miR156h,Eucgr.K02708,miRNA-target,1.0,Cleavage
Egr-miR156h,Eucgr.D02505,miRNA-target,1.0,Cleavage
Egr-miR156h,Eucgr.K02708,miRNA-target,1.0,Cleavage
Egr-miR156h,Eucgr.K02708,miRNA-target,1.0,Cleavage
Egr-miR156h,Eucgr.A02441,miRNA-target,1.0,Cleavage
Egr-miR156h,Eucgr.K01828,miRNA-target,1.0,Cleavage
Egr-miR156h,Eucgr.B00631,miRNA-target,1.0,Cleavage
Egr-miR156h,Eucgr.K02545,miRNA-target,1.0,Cleavage
Egr-miR156h,Eucgr.B03500,miRNA-target,1.0,Cleavage
Egr-miR156h,Eucgr.K02545,miRNA-target,1.0,Cleavage
Egr-miR156i,Eucgr.E03260,miRNA-target,1.0,Cleavage
Egr-miR156i,Eucgr.B03518,miRNA-target,1.0,Cleavage
Egr-miR156i,Eucgr.K01046,miRNA-target,1.0,Cleavage
Egr-miR156i,Eucgr.K01046,miRNA-target,1.0,Cleavage
Egr-miR156i,Eucgr.K01046,miRNA-target,1.0,Cleavage
Egr-miR156i,Eucgr.F03303,miRNA-target,1.0,Cleavage
Egr-miR156i,Eucgr.K02708,miRNA-target,1.0,Cleavage
Egr-miR156i,Eucgr.D02505,miRNA-target,1.0,Cleavage
Egr-miR156i,Eucgr.K02708,miRNA-target,1.0,Cleavage
Egr-miR156i,Eucgr.K02708,miRNA-target,1.0,Cleavage
Egr-miR156i,Eucgr.A02441,miRNA-target,1.0,Cleavage
Egr-miR156i,Eucgr.K01828,miRNA-target,1.0,Cleavage
Egr-miR156i,Eucgr.B00631,miRNA-target,1.0,Cleavage
Egr-miR156i,Eucgr.K02545,miRNA-target,1.0,Cleavage
Egr-miR156i,Eucgr.B03500,miRNA-target,1.0,Cleavage
Egr-miR156i,Eucgr.K02545,miRNA-target,1.0,Cleavage
Egr-miR156j,Eucgr.E03260,miRNA-target,1.0,Cleavage
Egr-miR156j,Eucgr.B03518,miRNA-target,1.0,Cleavage
Egr-miR156j,Eucgr.K01046,miRNA-target,1.0,Cleavage
Egr-miR156j,Eucgr.K01046,miRNA-target,1.0,Cleavage
Egr-miR156j,Eucgr.K01046,miRNA-target,1.0,Cleavage
Egr-miR156j,Eucgr.F03303,miRNA-target,1.0,Cleavage
Egr-miR156j,Eucgr.K02708,miRNA-target,1.0,Cleavage
Egr-miR156j,Eucgr.D02505,miRNA-target,1.0,Cleavage
Egr-miR156j,Eucgr.K02708,miRNA-target,1.0,Cleavage
Egr-miR156j,Eucgr.K02708,miRNA-target,1.0,Cleavage
Egr-miR156j,Eucgr.A02441,miRNA-target,1.0,Cleavage
Egr-miR156j,Eucgr.K01828,miRNA-target,1.0,Cleavage
Egr-miR156j,Eucgr.B00631,miRNA-target,1.0,Cleavage
Egr-miR156j,Eucgr.K02545,miRNA-target,1.0,Cleavage
Egr-miR156j,Eucgr.B03500,miRNA-target,1.0,Cleavage
Egr-miR156j,Eucgr.K02545,miRNA-target,1.0,Cleavage
Egr-miR156o,Eucgr.K02708,miRNA-target,1.0,Cleavage
Egr-miR156o,Eucgr.D02505,miRNA-target,1.0,Cleavage
Egr-miR156o,Eucgr.K02708,miRNA-target,1.0,Cleavage
Egr-miR156o,Eucgr.K02708,miRNA-target,1.0,Cleavage
Egr-miR156o,Eucgr.A02441,miRNA-target,1.0,Cleavage
Egr-miR156o,Eucgr.K01828,miRNA-target,1.0,Cleavage
Egr-miR156o,Eucgr.B03518,miRNA-target,1.0,Cleavage
Egr-miR156o,Eucgr.B00631,miRNA-target,1.0,Cleavage
Egr-miR156o,Eucgr.K02545,miRNA-target,1.0,Cleavage
Egr-miR156o,Eucgr.B03500,miRNA-target,1.0,Cleavage
Egr-miR156o,Eucgr.K02545,miRNA-target,1.0,Cleavage
Egr-miR156o,Eucgr.E03260,miRNA-target,1.0,Cleavage
Egr-miR156o,Eucgr.K01046,miRNA-target,1.0,Cleavage
Egr-miR156o,Eucgr.K01046,miRNA-target,1.0,Cleavage
Egr-miR156o,Eucgr.K01046,miRNA-target,1.0,Cleavage
Egr-miR156o,Eucgr.F03303,miRNA-target,1.0,Cleavage
Egr-miR164a,Eucgr.F01170,miRNA-target,1.0,Cleavage
Egr-miR164a,Eucgr.F01449,miRNA-target,1.0,Cleavage
Egr-miR165b,Eucgr.D00184,miRNA-target,1.0,Cleavage
Egr-miR165b,Eucgr.C00605,miRNA-target,1.0,Cleavage
Egr-miR165b,Eucgr.D00184,miRNA-target,1.0,Cleavage
Egr-miR165b,Eucgr.D00184,miRNA-target,1.0,Cleavage
Egr-miR165b,Eucgr.D00184,miRNA-target,1.0,Cleavage
Egr-miR165b,Eucgr.D00184,miRNA-target,1.0,Cleavage
Egr-miR165b,Eucgr.D00184,miRNA-target,1.0,Cleavage
Egr-miR165b,Eucgr.D00184,miRNA-target,1.0,Cleavage
Egr-miR165b,Eucgr.B02504,miRNA-target,1.0,Cleavage
Egr-miR165e,Eucgr.D00184,miRNA-target,1.0,Cleavage
Egr-miR165e,Eucgr.C00605,miRNA-target,1.0,Cleavage
Egr-miR165e,Eucgr.D00184,miRNA-target,1.0,Cleavage
Egr-miR165e,Eucgr.D00184,miRNA-target,1.0,Cleavage
Egr-miR165e,Eucgr.D00184,miRNA-target,1.0,Cleavage
Egr-miR165e,Eucgr.D00184,miRNA-target,1.0,Cleavage
Egr-miR165e,Eucgr.D00184,miRNA-target,1.0,Cleavage
Egr-miR165e,Eucgr.D00184,miRNA-target,1.0,Cleavage
Egr-miR165e,Eucgr.B02504,miRNA-target,1.0,Cleavage
Egr-miR165f,Eucgr.D00184,miRNA-target,1.0,Cleavage
Egr-miR165f,Eucgr.C00605,miRNA-target,1.0,Cleavage
Egr-miR165f,Eucgr.D00184,miRNA-target,1.0,Cleavage
Egr-miR165f,Eucgr.D00184,miRNA-target,1.0,Cleavage
Egr-miR165f,Eucgr.D00184,miRNA-target,1.0,Cleavage
Egr-miR165f,Eucgr.D00184,miRNA-target,1.0,Cleavage
Egr-miR165f,Eucgr.D00184,miRNA-target,1.0,Cleavage
Egr-miR165f,Eucgr.D00184,miRNA-target,1.0,Cleavage
Egr-miR165f,Eucgr.B02504,miRNA-target,1.0,Cleavage
Egr-miR482b,Eucgr.H01023,miRNA-target,1.0,Cleavage
Egr-miR482b,Eucgr.H01018,miRNA-target,1.0,Cleavage
scaffold_368_47485,Eucgr.H02376,miRNA-target,1.0,Cleavage
Chr01_1229,Eucgr.E01510,miRNA-target,1.5,Cleavage
Chr01_1229,Eucgr.E01509,miRNA-target,1.5,Cleavage
Chr01_1229,Eucgr.E01510,miRNA-target,1.5,Cleavage
Chr02_5754,Eucgr.I00181,miRNA-target,1.5,Cleavage
Chr05_23099,Eucgr.E00524,miRNA-target,1.5,Cleavage
Chr05_23099,Eucgr.D00620,miRNA-target,1.5,Cleavage
Chr05_23099,Eucgr.D00620,miRNA-target,1.5,Cleavage
Chr05_23099,Eucgr.D00620,miRNA-target,1.5,Cleavage
Chr06_22113,Eucgr.A00510,miRNA-target,1.5,Cleavage
Chr06_24996,Eucgr.K02752,miRNA-target,1.5,Cleavage
Chr06_24996,Eucgr.H04688,miRNA-target,1.5,Cleavage
Chr07_30134,Eucgr.H04816,miRNA-target,1.5,Cleavage
Chr08_30632,Eucgr.L01260,miRNA-target,1.5,Cleavage
Chr08_30632,Eucgr.G02857,miRNA-target,1.5,Cleavage
Chr08_30632,Eucgr.G02857,miRNA-target,1.5,Cleavage
Chr08_31426,Eucgr.H02376,miRNA-target,1.5,Cleavage
Chr08_31426,Eucgr.E01990,miRNA-target,1.5,Cleavage
Chr08_31426,Eucgr.E01983,miRNA-target,1.5,Cleavage
Chr08_31426,Eucgr.B02181,miRNA-target,1.5,Cleavage
Chr08_31426,Eucgr.E01994,miRNA-target,1.5,Cleavage
Chr08_31426,Eucgr.L03438,miRNA-target,1.5,Cleavage
Chr08_34494,Eucgr.H03707,miRNA-target,1.5,Cleavage
Chr08_34494,Eucgr.H03694,miRNA-target,1.5,Cleavage
Chr10_40549,Eucgr.B00529,miRNA-target,1.5,Cleavage
Chr11_41982,Eucgr.I00181,miRNA-target,1.5,Cleavage
Egr-miR156d,Eucgr.F02583,miRNA-target,1.5,Translation
Egr-miR156e,Eucgr.F02583,miRNA-target,1.5,Translation
Egr-miR156f,Eucgr.F02583,miRNA-target,1.5,Translation
Egr-miR156h,Eucgr.F02583,miRNA-target,1.5,Translation
Egr-miR156i,Eucgr.F02583,miRNA-target,1.5,Translation
Egr-miR156j,Eucgr.F02583,miRNA-target,1.5,Translation
Egr-miR156l,Eucgr.E03260,miRNA-target,1.5,Cleavage
Egr-miR156l,Eucgr.A02441,miRNA-target,1.5,Cleavage
Egr-miR156l,Eucgr.K01828,miRNA-target,1.5,Cleavage
Egr-miR156l,Eucgr.B03500,miRNA-target,1.5,Cleavage
Egr-miR156m,Eucgr.E03260,miRNA-target,1.5,Cleavage
Egr-miR156m,Eucgr.A02441,miRNA-target,1.5,Cleavage
Egr-miR156m,Eucgr.K01828,miRNA-target,1.5,Cleavage
Egr-miR156m,Eucgr.B03500,miRNA-target,1.5,Cleavage
Egr-miR156n,Eucgr.E03260,miRNA-target,1.5,Cleavage
Egr-miR156n,Eucgr.A02441,miRNA-target,1.5,Cleavage
Egr-miR156n,Eucgr.K01828,miRNA-target,1.5,Cleavage
Egr-miR156n,Eucgr.B03500,miRNA-target,1.5,Cleavage
Egr-miR156o,Eucgr.F02583,miRNA-target,1.5,Translation
Egr-miR482a,Eucgr.D02231,miRNA-target,1.5,Cleavage
Egr-miR482b,Eucgr.H03699,miRNA-target,1.5,Cleavage
Egr-miR482b,Eucgr.H03699,miRNA-target,1.5,Cleavage
Egr-miR482b,Eucgr.E02004,miRNA-target,1.5,Cleavage
Egr-miR482b,Eucgr.H03723,miRNA-target,1.5,Cleavage
Egr-miR482b,Eucgr.C00409,miRNA-target,1.5,Cleavage
Egr-miR482b,Eucgr.H01030,miRNA-target,1.5,Cleavage
Egr-miR482b,Eucgr.L02915,miRNA-target,1.5,Cleavage
Chr01_1685,Eucgr.H02369,miRNA-target,2.0,Cleavage
Chr01_1685,Eucgr.J02056,miRNA-target,2.0,Cleavage
Chr02_5696,Eucgr.H04688,miRNA-target,2.0,Cleavage
Chr02_5754,Eucgr.K00738,miRNA-target,2.0,Cleavage
Chr03_12134,Eucgr.I02024,miRNA-target,2.0,Cleavage
Chr03_12234,Eucgr.F03169,miRNA-target,2.0,Cleavage
Chr03_12234,Eucgr.F03169,miRNA-target,2.0,Cleavage
Chr03_12234,Eucgr.F03169,miRNA-target,2.0,Cleavage
Chr03_12234,Eucgr.K01921,miRNA-target,2.0,Cleavage
Chr03_12234,Eucgr.C00842,miRNA-target,2.0,Cleavage
Chr03_14086,Eucgr.F03169,miRNA-target,2.0,Cleavage
Chr03_14086,Eucgr.F03169,miRNA-target,2.0,Cleavage
Chr03_14086,Eucgr.F03169,miRNA-target,2.0,Cleavage
Chr03_14086,Eucgr.K01921,miRNA-target,2.0,Cleavage
Chr03_14086,Eucgr.C00842,miRNA-target,2.0,Cleavage
Chr03_9415,Eucgr.F03769,miRNA-target,2.0,Cleavage
Chr03_9415,Eucgr.L03490,miRNA-target,2.0,Cleavage
Chr03_9415,Eucgr.B00601,miRNA-target,2.0,Cleavage
Chr03_9415,Eucgr.B00599,miRNA-target,2.0,Cleavage
Chr05_19934,Eucgr.D01673,miRNA-target,2.0,Cleavage
Chr05_19934,Eucgr.K01120,miRNA-target,2.0,Cleavage
Chr06_22113,Eucgr.E02473,miRNA-target,2.0,Cleavage
Chr07_27100,Eucgr.J02821,miRNA-target,2.0,Cleavage
Chr07_27100,Eucgr.J02821,miRNA-target,2.0,Cleavage
Chr07_27100,Eucgr.J02821,miRNA-target,2.0,Cleavage
Chr07_27268,Eucgr.B03840,miRNA-target,2.0,Cleavage
Chr07_27268,Eucgr.H04620,miRNA-target,2.0,Cleavage
Chr07_27268,Eucgr.H04620,miRNA-target,2.0,Cleavage
Chr07_27268,Eucgr.C00285,miRNA-target,2.0,Cleavage
Chr07_27268,Eucgr.C00285,miRNA-target,2.0,Cleavage
Chr08_30829,Eucgr.C00608,miRNA-target,2.0,Cleavage
Chr08_30829,Eucgr.C00608,miRNA-target,2.0,Cleavage
Chr08_30829,Eucgr.C00608,miRNA-target,2.0,Cleavage
Chr08_30829,Eucgr.C00608,miRNA-target,2.0,Cleavage
Chr08_31426,Eucgr.C02551,miRNA-target,2.0,Cleavage
Chr08_31426,Eucgr.H02362,miRNA-target,2.0,Cleavage
Chr08_31426,Eucgr.E01998,miRNA-target,2.0,Cleavage
Chr08_31426,Eucgr.H02359,miRNA-target,2.0,Cleavage
Chr08_31426,Eucgr.B02960,miRNA-target,2.0,Cleavage
Chr08_31426,Eucgr.C02630,miRNA-target,2.0,Cleavage
Chr08_31426,Eucgr.F04311,miRNA-target,2.0,Cleavage
Chr08_31426,Eucgr.G02696,miRNA-target,2.0,Cleavage
Chr08_31426,Eucgr.G02696,miRNA-target,2.0,Cleavage
Chr08_31426,Eucgr.G02696,miRNA-target,2.0,Cleavage
Chr08_34494,Eucgr.H03679,miRNA-target,2.0,Cleavage
Chr08_34494,Eucgr.L02348,miRNA-target,2.0,Cleavage
Chr08_34494,Eucgr.G03151,miRNA-target,2.0,Cleavage
Chr08_34494,Eucgr.G01972,miRNA-target,2.0,Cleavage
Chr08_34494,Eucgr.H04640,miRNA-target,2.0,Cleavage
Chr08_34494,Eucgr.H04640,miRNA-target,2.0,Cleavage
Chr08_34494,Eucgr.H04640,miRNA-target,2.0,Cleavage
Chr08_34494,Eucgr.H04640,miRNA-target,2.0,Cleavage
Chr08_34494,Eucgr.G02447,miRNA-target,2.0,Cleavage
Chr08_35572,Eucgr.F01437,miRNA-target,2.0,Cleavage
Chr08_35572,Eucgr.F01437,miRNA-target,2.0,Cleavage
Chr09_37979,Eucgr.I02250,miRNA-target,2.0,Cleavage
Chr10_40549,Eucgr.F01170,miRNA-target,2.0,Cleavage
Chr10_40549,Eucgr.F02958,miRNA-target,2.0,Cleavage
Chr11_41982,Eucgr.K00738,miRNA-target,2.0,Cleavage
Chr11_42092,Eucgr.A01782,miRNA-target,2.0,Cleavage
Egr-miR156a,Eucgr.K02708,miRNA-target,2.0,Cleavage
Egr-miR156a,Eucgr.D02505,miRNA-target,2.0,Cleavage
Egr-miR156a,Eucgr.K02708,miRNA-target,2.0,Cleavage
Egr-miR156a,Eucgr.K02708,miRNA-target,2.0,Cleavage
Egr-miR156a,Eucgr.B03518,miRNA-target,2.0,Cleavage
Egr-miR156a,Eucgr.B00631,miRNA-target,2.0,Cleavage
Egr-miR156a,Eucgr.K02545,miRNA-target,2.0,Cleavage
Egr-miR156a,Eucgr.K02545,miRNA-target,2.0,Cleavage
Egr-miR156a,Eucgr.K01046,miRNA-target,2.0,Cleavage
Egr-miR156a,Eucgr.K01046,miRNA-target,2.0,Cleavage
Egr-miR156a,Eucgr.K01046,miRNA-target,2.0,Cleavage
Egr-miR156a,Eucgr.F03303,miRNA-target,2.0,Cleavage
Egr-miR156a,Eucgr.F01108,miRNA-target,2.0,Cleavage
Egr-miR156b,Eucgr.K02708,miRNA-target,2.0,Cleavage
Egr-miR156b,Eucgr.D02505,miRNA-target,2.0,Cleavage
Egr-miR156b,Eucgr.K02708,miRNA-target,2.0,Cleavage
Egr-miR156b,Eucgr.K02708,miRNA-target,2.0,Cleavage
Egr-miR156b,Eucgr.B03518,miRNA-target,2.0,Cleavage
Egr-miR156b,Eucgr.B00631,miRNA-target,2.0,Cleavage
Egr-miR156b,Eucgr.K02545,miRNA-target,2.0,Cleavage
Egr-miR156b,Eucgr.K02545,miRNA-target,2.0,Cleavage
Egr-miR156b,Eucgr.K01046,miRNA-target,2.0,Cleavage
Egr-miR156b,Eucgr.K01046,miRNA-target,2.0,Cleavage
Egr-miR156b,Eucgr.K01046,miRNA-target,2.0,Cleavage
Egr-miR156b,Eucgr.F03303,miRNA-target,2.0,Cleavage
Egr-miR156b,Eucgr.F01108,miRNA-target,2.0,Cleavage
Egr-miR156d,Eucgr.F01108,miRNA-target,2.0,Cleavage
Egr-miR156d,Eucgr.K00131,miRNA-target,2.0,Cleavage
Egr-miR156e,Eucgr.F01108,miRNA-target,2.0,Cleavage
Egr-miR156e,Eucgr.K00131,miRNA-target,2.0,Cleavage
Egr-miR156f,Eucgr.F01108,miRNA-target,2.0,Cleavage
Egr-miR156f,Eucgr.K00131,miRNA-target,2.0,Cleavage
Egr-miR156h,Eucgr.F01108,miRNA-target,2.0,Cleavage
Egr-miR156h,Eucgr.K00131,miRNA-target,2.0,Cleavage
Egr-miR156i,Eucgr.F01108,miRNA-target,2.0,Cleavage
Egr-miR156i,Eucgr.K00131,miRNA-target,2.0,Cleavage
Egr-miR156j,Eucgr.F01108,miRNA-target,2.0,Cleavage
Egr-miR156j,Eucgr.K00131,miRNA-target,2.0,Cleavage
Egr-miR156l,Eucgr.I00195,miRNA-target,2.0,Cleavage
Egr-miR156m,Eucgr.I00195,miRNA-target,2.0,Cleavage
Egr-miR156n,Eucgr.I00195,miRNA-target,2.0,Cleavage
Egr-miR156o,Eucgr.F01108,miRNA-target,2.0,Cleavage
Egr-miR156o,Eucgr.K00131,miRNA-target,2.0,Cleavage
Egr-miR164a,Eucgr.F02958,miRNA-target,2.0,Cleavage
Egr-miR164a,Eucgr.J00040,miRNA-target,2.0,Cleavage
Egr-miR164a,Eucgr.J00040,miRNA-target,2.0,Cleavage
Egr-miR164a,Eucgr.J00040,miRNA-target,2.0,Cleavage
Egr-miR164a,Eucgr.J00040,miRNA-target,2.0,Cleavage
Egr-miR164a,Eucgr.J00040,miRNA-target,2.0,Cleavage
Egr-miR164a,Eucgr.J00040,miRNA-target,2.0,Cleavage
Egr-miR165b,Eucgr.B02603,miRNA-target,2.0,Cleavage
Egr-miR165e,Eucgr.B02603,miRNA-target,2.0,Cleavage
Egr-miR165f,Eucgr.B02603,miRNA-target,2.0,Cleavage
Egr-miR396a,Eucgr.F02120,miRNA-target,2.0,Cleavage
Egr-miR396c,Eucgr.F02120,miRNA-target,2.0,Cleavage
Egr-miR482a,Eucgr.J00987,miRNA-target,2.0,Cleavage
Egr-miR482b,Eucgr.L00696,miRNA-target,2.0,Translation
Egr-miR482b,Eucgr.C02567,miRNA-target,2.0,Translation
Egr-miR482b,Eucgr.F00908,miRNA-target,2.0,Cleavage
Egr-miR482b,Eucgr.L01860,miRNA-target,2.0,Cleavage
Egr-miR482b,Eucgr.L01111,miRNA-target,2.0,Cleavage
Egr-miR482b,Eucgr.F00923,miRNA-target,2.0,Cleavage
Egr-miR482b,Eucgr.F00937,miRNA-target,2.0,Cleavage
Egr-miR482b,Eucgr.B01071,miRNA-target,2.0,Cleavage
Egr-miR482b,Eucgr.F00954,miRNA-target,2.0,Cleavage
Egr-miR482b,Eucgr.A00735,miRNA-target,2.0,Cleavage
Egr-miR482b,Eucgr.F00914,miRNA-target,2.0,Cleavage
Egr-miR482b,Eucgr.F00542,miRNA-target,2.0,Cleavage
Egr-miR482b,Eucgr.F00556,miRNA-target,2.0,Cleavage
Egr-miR482b,Eucgr.F02533,miRNA-target,2.0,Cleavage
Egr-miR482b,Eucgr.K01937,miRNA-target,2.0,Cleavage
Egr-miR482b,Eucgr.F03887,miRNA-target,2.0,Cleavage
Egr-miR482b,Eucgr.F00904,miRNA-target,2.0,Cleavage
Egr-miR482b,Eucgr.G03265,miRNA-target,2.0,Translation
Egr-miR482b,Eucgr.F00956,miRNA-target,2.0,Cleavage
Egr-miR482b,Eucgr.F00956,miRNA-target,2.0,Cleavage
Egr-miR482b,Eucgr.F00886,miRNA-target,2.0,Cleavage
Egr-miRN5654,Eucgr.F02641,miRNA-target,2.0,Cleavage
Egr-miRN5668,Eucgr.B01458,miRNA-target,2.0,Cleavage
Egr-miRN5674,Eucgr.G01551,miRNA-target,2.0,Cleavage
Egr-miRN5674,Eucgr.G01060,miRNA-target,2.0,Cleavage
scaffold_368_47485,Eucgr.H02369,miRNA-target,2.0,Cleavage
scaffold_368_47485,Eucgr.J02056,miRNA-target,2.0,Cleavage
scaffold_60_44348,Eucgr.F01437,miRNA-target,2.0,Cleavage
scaffold_60_44348,Eucgr.F01437,miRNA-target,2.0,Cleavage
Chr01_1229,Eucgr.F03769,miRNA-target,2.5,Cleavage
Chr01_1229,Eucgr.L03490,miRNA-target,2.5,Cleavage
Chr01_1680,Eucgr.H01176,miRNA-target,2.5,Cleavage
Chr01_1680,Eucgr.H01176,miRNA-target,2.5,Cleavage
Chr01_1680,Eucgr.H01176,miRNA-target,2.5,Cleavage
Chr01_1680,Eucgr.H01176,miRNA-target,2.5,Cleavage
Chr01_1680,Eucgr.H01176,miRNA-target,2.5,Cleavage
Chr01_1680,Eucgr.E03165,miRNA-target,2.5,Cleavage
Chr01_1680,Eucgr.E03165,miRNA-target,2.5,Cleavage
Chr01_1680,Eucgr.E02654,miRNA-target,2.5,Cleavage
Chr01_1680,Eucgr.E02654,miRNA-target,2.5,Cleavage
Chr01_1680,Eucgr.E02654,miRNA-target,2.5,Cleavage
Chr01_1680,Eucgr.J02225,miRNA-target,2.5,Cleavage
Chr01_1680,Eucgr.A02035,miRNA-target,2.5,Cleavage
Chr01_1685,Eucgr.F03307,miRNA-target,2.5,Cleavage
Chr01_1685,Eucgr.E02219,miRNA-target,2.5,Cleavage
Chr01_1685,Eucgr.H03134,miRNA-target,2.5,Cleavage
Chr01_1896,Eucgr.H01176,miRNA-target,2.5,Cleavage
Chr01_1896,Eucgr.H01176,miRNA-target,2.5,Cleavage
Chr01_1896,Eucgr.H01176,miRNA-target,2.5,Cleavage
Chr01_1896,Eucgr.H01176,miRNA-target,2.5,Cleavage
Chr01_1896,Eucgr.H01176,miRNA-target,2.5,Cleavage
Chr01_1896,Eucgr.E03165,miRNA-target,2.5,Cleavage
Chr01_1896,Eucgr.E03165,miRNA-target,2.5,Cleavage
Chr01_1896,Eucgr.E02654,miRNA-target,2.5,Cleavage
Chr01_1896,Eucgr.E02654,miRNA-target,2.5,Cleavage
Chr01_1896,Eucgr.E02654,miRNA-target,2.5,Cleavage
Chr01_1896,Eucgr.J02225,miRNA-target,2.5,Cleavage
Chr01_1896,Eucgr.A02035,miRNA-target,2.5,Cleavage
Chr01_2889,Eucgr.G02369,miRNA-target,2.5,Cleavage
Chr01_2891,Eucgr.G02369,miRNA-target,2.5,Cleavage
Chr01_850,Eucgr.A02578,miRNA-target,2.5,Cleavage
Chr02_5696,Eucgr.G02729,miRNA-target,2.5,Cleavage
Chr02_5754,Eucgr.I00181,miRNA-target,2.5,Cleavage
Chr02_5754,Eucgr.H04081,miRNA-target,2.5,Translation
Chr02_5754,Eucgr.I00178,miRNA-target,2.5,Cleavage
Chr02_8243,Eucgr.L01638,miRNA-target,2.5,Cleavage
Chr02_8243,Eucgr.D01533,miRNA-target,2.5,Cleavage
Chr02_8243,Eucgr.D01249,miRNA-target,2.5,Cleavage
Chr03_12134,Eucgr.E01716,miRNA-target,2.5,Cleavage
Chr03_12134,Eucgr.E01716,miRNA-target,2.5,Cleavage
Chr03_12134,Eucgr.K00433,miRNA-target,2.5,Cleavage
Chr03_12134,Eucgr.K02742,miRNA-target,2.5,Cleavage
Chr03_12134,Eucgr.K02742,miRNA-target,2.5,Cleavage
Chr03_12134,Eucgr.K02742,miRNA-target,2.5,Cleavage
Chr03_12134,Eucgr.K02742,miRNA-target,2.5,Cleavage
Chr03_12234,Eucgr.B03583,miRNA-target,2.5,Cleavage
Chr03_12234,Eucgr.F00398,miRNA-target,2.5,Cleavage
Chr03_12234,Eucgr.F00398,miRNA-target,2.5,Cleavage
Chr03_12234,Eucgr.F02083,miRNA-target,2.5,Cleavage
Chr03_12234,Eucgr.F02079,miRNA-target,2.5,Cleavage
Chr03_12234,Eucgr.F02074,miRNA-target,2.5,Cleavage
Chr03_12234,Eucgr.F02074,miRNA-target,2.5,Cleavage
Chr03_12234,Eucgr.A02570,miRNA-target,2.5,Cleavage
Chr03_12234,Eucgr.A02570,miRNA-target,2.5,Cleavage
Chr03_12234,Eucgr.C02067,miRNA-target,2.5,Cleavage
Chr03_12234,Eucgr.C02055,miRNA-target,2.5,Cleavage
Chr03_12234,Eucgr.C02055,miRNA-target,2.5,Cleavage
Chr03_14086,Eucgr.B03583,miRNA-target,2.5,Cleavage
Chr03_14086,Eucgr.F00398,miRNA-target,2.5,Cleavage
Chr03_14086,Eucgr.F00398,miRNA-target,2.5,Cleavage
Chr03_14086,Eucgr.F02083,miRNA-target,2.5,Cleavage
Chr03_14086,Eucgr.F02079,miRNA-target,2.5,Cleavage
Chr03_14086,Eucgr.F02074,miRNA-target,2.5,Cleavage
Chr03_14086,Eucgr.F02074,miRNA-target,2.5,Cleavage
Chr03_14086,Eucgr.A02570,miRNA-target,2.5,Cleavage
Chr03_14086,Eucgr.A02570,miRNA-target,2.5,Cleavage
Chr03_14086,Eucgr.C02067,miRNA-target,2.5,Cleavage
Chr03_14086,Eucgr.C02055,miRNA-target,2.5,Cleavage
Chr03_14086,Eucgr.C02055,miRNA-target,2.5,Cleavage
Chr03_14181,Eucgr.B03583,miRNA-target,2.5,Cleavage
Chr03_14181,Eucgr.F02083,miRNA-target,2.5,Cleavage
Chr03_14181,Eucgr.F02079,miRNA-target,2.5,Cleavage
Chr03_14181,Eucgr.F02074,miRNA-target,2.5,Cleavage
Chr03_14181,Eucgr.F02074,miRNA-target,2.5,Cleavage
Chr03_14181,Eucgr.A02570,miRNA-target,2.5,Cleavage
Chr03_14181,Eucgr.A02570,miRNA-target,2.5,Cleavage
Chr03_14181,Eucgr.C02067,miRNA-target,2.5,Cleavage
Chr03_14181,Eucgr.C02055,miRNA-target,2.5,Cleavage
Chr03_14181,Eucgr.C02055,miRNA-target,2.5,Cleavage
Chr03_9415,Eucgr.G01978,miRNA-target,2.5,Cleavage
Chr03_9415,Eucgr.C01728,miRNA-target,2.5,Cleavage
Chr03_9415,Eucgr.C01543,miRNA-target,2.5,Translation
Chr03_9415,Eucgr.C01822,miRNA-target,2.5,Translation
Chr03_9415,Eucgr.L01986,miRNA-target,2.5,Translation
Chr03_9415,Eucgr.B03640,miRNA-target,2.5,Cleavage
Chr03_9415,Eucgr.B03640,miRNA-target,2.5,Cleavage
Chr05_18368,Eucgr.K02341,miRNA-target,2.5,Cleavage
Chr05_18368,Eucgr.K02752,miRNA-target,2.5,Cleavage
Chr05_18368,Eucgr.C03562,miRNA-target,2.5,Cleavage
Chr05_18368,Eucgr.G00160,miRNA-target,2.5,Cleavage
Chr05_18368,Eucgr.E00473,miRNA-target,2.5,Cleavage
Chr05_19932,Eucgr.E00524,miRNA-target,2.5,Cleavage
Chr05_19932,Eucgr.D00620,miRNA-target,2.5,Cleavage
Chr05_19932,Eucgr.D00620,miRNA-target,2.5,Cleavage
Chr05_19932,Eucgr.D00620,miRNA-target,2.5,Cleavage
Chr05_19934,Eucgr.L03008,miRNA-target,2.5,Cleavage
Chr05_19934,Eucgr.H04148,miRNA-target,2.5,Cleavage
Chr05_19934,Eucgr.E04225,miRNA-target,2.5,Cleavage
Chr05_19934,Eucgr.J02380,miRNA-target,2.5,Cleavage
Chr05_20206,Eucgr.E00524,miRNA-target,2.5,Cleavage
Chr05_20206,Eucgr.D00620,miRNA-target,2.5,Cleavage
Chr05_20206,Eucgr.D00620,miRNA-target,2.5,Cleavage
Chr05_20206,Eucgr.D00620,miRNA-target,2.5,Cleavage
Chr05_20208,Eucgr.E00524,miRNA-target,2.5,Cleavage
Chr05_20208,Eucgr.D00620,miRNA-target,2.5,Cleavage
Chr05_20208,Eucgr.D00620,miRNA-target,2.5,Cleavage
Chr05_20208,Eucgr.D00620,miRNA-target,2.5,Cleavage
Chr05_20214,Eucgr.E00524,miRNA-target,2.5,Cleavage
Chr05_20214,Eucgr.D00620,miRNA-target,2.5,Cleavage
Chr05_20214,Eucgr.D00620,miRNA-target,2.5,Cleavage
Chr05_20214,Eucgr.D00620,miRNA-target,2.5,Cleavage
Chr05_23089,Eucgr.E00524,miRNA-target,2.5,Cleavage
Chr05_23089,Eucgr.D00620,miRNA-target,2.5,Cleavage
Chr05_23089,Eucgr.D00620,miRNA-target,2.5,Cleavage
Chr05_23089,Eucgr.D00620,miRNA-target,2.5,Cleavage
Chr05_23094,Eucgr.G03015,miRNA-target,2.5,Translation
Chr05_23094,Eucgr.K03194,miRNA-target,2.5,Cleavage
Chr05_23094,Eucgr.K03192,miRNA-target,2.5,Cleavage
Chr05_23096,Eucgr.G03015,miRNA-target,2.5,Translation
Chr05_23096,Eucgr.K03194,miRNA-target,2.5,Cleavage
Chr05_23096,Eucgr.K03192,miRNA-target,2.5,Cleavage
Chr05_23098,Eucgr.G03015,miRNA-target,2.5,Translation
Chr05_23098,Eucgr.K03194,miRNA-target,2.5,Cleavage
Chr05_23098,Eucgr.K03192,miRNA-target,2.5,Cleavage
Chr05_23099,Eucgr.I02520,miRNA-target,2.5,Cleavage
Chr05_23099,Eucgr.I02520,miRNA-target,2.5,Cleavage
Chr05_23099,Eucgr.I02520,miRNA-target,2.5,Cleavage
Chr06_22113,Eucgr.K01820,miRNA-target,2.5,Cleavage
Chr06_22113,Eucgr.I01926,miRNA-target,2.5,Cleavage
Chr06_22113,Eucgr.I01926,miRNA-target,2.5,Cleavage
Chr06_22113,Eucgr.E03314,miRNA-target,2.5,Cleavage
Chr06_22113,Eucgr.K01818,miRNA-target,2.5,Cleavage
Chr06_22113,Eucgr.E02928,miRNA-target,2.5,Cleavage
Chr06_22113,Eucgr.K01212,miRNA-target,2.5,Translation
Chr06_22113,Eucgr.E02760,miRNA-target,2.5,Cleavage
Chr06_22113,Eucgr.A00530,miRNA-target,2.5,Cleavage
Chr06_22113,Eucgr.A00530,miRNA-target,2.5,Cleavage
Chr06_22113,Eucgr.E03040,miRNA-target,2.5,Cleavage
Chr06_24996,Eucgr.C02463,miRNA-target,2.5,Cleavage
Chr06_24996,Eucgr.C02304,miRNA-target,2.5,Cleavage
Chr07_27100,Eucgr.C01781,miRNA-target,2.5,Cleavage
Chr07_27100,Eucgr.B00245,miRNA-target,2.5,Cleavage
Chr07_27100,Eucgr.B00245,miRNA-target,2.5,Cleavage
Chr07_27100,Eucgr.K02930,miRNA-target,2.5,Cleavage
Chr07_27100,Eucgr.G01750,miRNA-target,2.5,Cleavage
Chr07_27100,Eucgr.G01750,miRNA-target,2.5,Cleavage
Chr07_27100,Eucgr.C04198,miRNA-target,2.5,Cleavage
Chr07_27100,Eucgr.G02361,miRNA-target,2.5,Cleavage
Chr07_27100,Eucgr.G02361,miRNA-target,2.5,Cleavage
Chr07_27100,Eucgr.G02361,miRNA-target,2.5,Cleavage
Chr07_27100,Eucgr.G02361,miRNA-target,2.5,Cleavage
Chr07_27268,Eucgr.H03360,miRNA-target,2.5,Cleavage
Chr07_27268,Eucgr.H03360,miRNA-target,2.5,Cleavage
Chr07_27909,Eucgr.H02630,miRNA-target,2.5,Cleavage
Chr07_27909,Eucgr.F03560,miRNA-target,2.5,Cleavage
Chr07_27909,Eucgr.C01267,miRNA-target,2.5,Cleavage
Chr07_28550,Eucgr.E03741,miRNA-target,2.5,Cleavage
Chr07_30125,Eucgr.F02927,miRNA-target,2.5,Cleavage
Chr07_30125,Eucgr.A00552,miRNA-target,2.5,Cleavage
Chr07_30134,Eucgr.H03408,miRNA-target,2.5,Cleavage
Chr07_30134,Eucgr.K03578,miRNA-target,2.5,Cleavage
Chr07_30134,Eucgr.B03889,miRNA-target,2.5,Cleavage
Chr07_30134,Eucgr.B03888,miRNA-target,2.5,Cleavage
Chr07_30134,Eucgr.E01332,miRNA-target,2.5,Cleavage
Chr08_30381,Eucgr.H00247,miRNA-target,2.5,Cleavage
Chr08_31426,Eucgr.E02004,miRNA-target,2.5,Cleavage
Chr08_31426,Eucgr.L00700,miRNA-target,2.5,Cleavage
Chr08_31426,Eucgr.C02567,miRNA-target,2.5,Cleavage
Chr08_31426,Eucgr.F03913,miRNA-target,2.5,Cleavage
Chr08_31426,Eucgr.B00007,miRNA-target,2.5,Cleavage
Chr08_31426,Eucgr.C02570,miRNA-target,2.5,Cleavage
Chr08_31426,Eucgr.L01982,miRNA-target,2.5,Cleavage
Chr08_31426,Eucgr.C02701,miRNA-target,2.5,Cleavage
Chr08_31426,Eucgr.H00875,miRNA-target,2.5,Cleavage
Chr08_31426,Eucgr.H00677,miRNA-target,2.5,Cleavage
Chr08_31426,Eucgr.F04172,miRNA-target,2.5,Cleavage
Chr08_31426,Eucgr.E01880,miRNA-target,2.5,Cleavage
Chr08_34494,Eucgr.H03761,miRNA-target,2.5,Cleavage
Chr08_34494,Eucgr.I02287,miRNA-target,2.5,Cleavage
Chr08_34494,Eucgr.B00403,miRNA-target,2.5,Cleavage
Chr08_34494,Eucgr.E04239,miRNA-target,2.5,Cleavage
Chr08_34494,Eucgr.I02286,miRNA-target,2.5,Cleavage
Chr08_34494,Eucgr.H01273,miRNA-target,2.5,Cleavage
Chr08_34702,Eucgr.H03411,miRNA-target,2.5,Cleavage
Chr08_34702,Eucgr.B03469,miRNA-target,2.5,Cleavage
Chr08_35572,Eucgr.C02886,miRNA-target,2.5,Cleavage
Chr08_35572,Eucgr.F01432,miRNA-target,2.5,Cleavage
Chr08_35572,Eucgr.A02648,miRNA-target,2.5,Cleavage
Chr08_35572,Eucgr.B02209,miRNA-target,2.5,Cleavage
Chr08_35612,Eucgr.K02431,miRNA-target,2.5,Cleavage
Chr08_35612,Eucgr.C02326,miRNA-target,2.5,Cleavage
Chr09_36714,Eucgr.D02440,miRNA-target,2.5,Cleavage
Chr09_36714,Eucgr.D02626,miRNA-target,2.5,Cleavage
Chr09_36714,Eucgr.D02626,miRNA-target,2.5,Cleavage
Chr09_36714,Eucgr.D02626,miRNA-target,2.5,Cleavage
Chr09_36714,Eucgr.C00281,miRNA-target,2.5,Cleavage
Chr09_36714,Eucgr.F00608,miRNA-target,2.5,Cleavage
Chr09_36714,Eucgr.F04034,miRNA-target,2.5,Cleavage
Chr09_36714,Eucgr.F04034,miRNA-target,2.5,Cleavage
Chr09_36718,Eucgr.F04341,miRNA-target,2.5,Cleavage
Chr09_36718,Eucgr.F04341,miRNA-target,2.5,Cleavage
Chr09_36718,Eucgr.J00484,miRNA-target,2.5,Cleavage
Chr10_40549,Eucgr.K01669,miRNA-target,2.5,Cleavage
Chr10_40549,Eucgr.K01669,miRNA-target,2.5,Cleavage
Chr10_40549,Eucgr.K01669,miRNA-target,2.5,Cleavage
Chr10_40549,Eucgr.B02388,miRNA-target,2.5,Cleavage
Chr10_40549,Eucgr.C00432,miRNA-target,2.5,Cleavage
Chr10_40549,Eucgr.D01196,miRNA-target,2.5,Cleavage
Chr10_41135,Eucgr.B00651,miRNA-target,2.5,Cleavage
Chr10_41135,Eucgr.L03586,miRNA-target,2.5,Translation
Chr10_41135,Eucgr.K02803,miRNA-target,2.5,Cleavage
Chr10_41201,Eucgr.C03347,miRNA-target,2.5,Cleavage
Chr10_41201,Eucgr.C03521,miRNA-target,2.5,Cleavage
Chr10_41201,Eucgr.C03337,miRNA-target,2.5,Cleavage
Chr10_41201,Eucgr.C03507,miRNA-target,2.5,Cleavage
Chr10_41201,Eucgr.C03535,miRNA-target,2.5,Cleavage
Chr10_41201,Eucgr.C03354,miRNA-target,2.5,Cleavage
Chr10_41201,Eucgr.C03537,miRNA-target,2.5,Cleavage
Chr10_41201,Eucgr.C03488,miRNA-target,2.5,Cleavage
Chr11_41982,Eucgr.I00181,miRNA-target,2.5,Cleavage
Chr11_41982,Eucgr.H04081,miRNA-target,2.5,Translation
Chr11_41982,Eucgr.I00178,miRNA-target,2.5,Cleavage
Chr11_44314,Eucgr.C03702,miRNA-target,2.5,Cleavage
Chr11_44314,Eucgr.C03702,miRNA-target,2.5,Cleavage
Chr11_44314,Eucgr.C03702,miRNA-target,2.5,Cleavage
Egr-miR156a,Eucgr.F03545,miRNA-target,2.5,Cleavage
Egr-miR156a,Eucgr.F02583,miRNA-target,2.5,Translation
Egr-miR156a,Eucgr.E01777,miRNA-target,2.5,Cleavage
Egr-miR156a,Eucgr.D01633,miRNA-target,2.5,Cleavage
Egr-miR156a,Eucgr.D01636,miRNA-target,2.5,Cleavage
Egr-miR156b,Eucgr.F03545,miRNA-target,2.5,Cleavage
Egr-miR156b,Eucgr.F02583,miRNA-target,2.5,Translation
Egr-miR156b,Eucgr.E01777,miRNA-target,2.5,Cleavage
Egr-miR156b,Eucgr.D01633,miRNA-target,2.5,Cleavage
Egr-miR156b,Eucgr.D01636,miRNA-target,2.5,Cleavage
Egr-miR156d,Eucgr.G03188,miRNA-target,2.5,Cleavage
Egr-miR156d,Eucgr.C00100,miRNA-target,2.5,Cleavage
Egr-miR156d,Eucgr.C00100,miRNA-target,2.5,Cleavage
Egr-miR156d,Eucgr.F03545,miRNA-target,2.5,Cleavage
Egr-miR156e,Eucgr.G03188,miRNA-target,2.5,Cleavage
Egr-miR156e,Eucgr.C00100,miRNA-target,2.5,Cleavage
Egr-miR156e,Eucgr.C00100,miRNA-target,2.5,Cleavage
Egr-miR156e,Eucgr.F03545,miRNA-target,2.5,Cleavage
Egr-miR156f,Eucgr.G03188,miRNA-target,2.5,Cleavage
Egr-miR156f,Eucgr.C00100,miRNA-target,2.5,Cleavage
Egr-miR156f,Eucgr.C00100,miRNA-target,2.5,Cleavage
Egr-miR156f,Eucgr.F03545,miRNA-target,2.5,Cleavage
Egr-miR156h,Eucgr.G03188,miRNA-target,2.5,Cleavage
Egr-miR156h,Eucgr.C00100,miRNA-target,2.5,Cleavage
Egr-miR156h,Eucgr.C00100,miRNA-target,2.5,Cleavage
Egr-miR156h,Eucgr.F03545,miRNA-target,2.5,Cleavage
Egr-miR156i,Eucgr.G03188,miRNA-target,2.5,Cleavage
Egr-miR156i,Eucgr.C00100,miRNA-target,2.5,Cleavage
Egr-miR156i,Eucgr.C00100,miRNA-target,2.5,Cleavage
Egr-miR156i,Eucgr.F03545,miRNA-target,2.5,Cleavage
Egr-miR156j,Eucgr.G03188,miRNA-target,2.5,Cleavage
Egr-miR156j,Eucgr.C00100,miRNA-target,2.5,Cleavage
Egr-miR156j,Eucgr.C00100,miRNA-target,2.5,Cleavage
Egr-miR156j,Eucgr.F03545,miRNA-target,2.5,Cleavage
Egr-miR156k,Eucgr.B03578,miRNA-target,2.5,Cleavage
Egr-miR156k,Eucgr.K00600,miRNA-target,2.5,Cleavage
Egr-miR156k,Eucgr.K00600,miRNA-target,2.5,Cleavage
Egr-miR156k,Eucgr.K00600,miRNA-target,2.5,Cleavage
Egr-miR156l,Eucgr.B03518,miRNA-target,2.5,Cleavage
Egr-miR156l,Eucgr.K01046,miRNA-target,2.5,Cleavage
Egr-miR156l,Eucgr.K01046,miRNA-target,2.5,Cleavage
Egr-miR156l,Eucgr.K01046,miRNA-target,2.5,Cleavage
Egr-miR156l,Eucgr.K02708,miRNA-target,2.5,Cleavage
Egr-miR156l,Eucgr.D02505,miRNA-target,2.5,Cleavage
Egr-miR156l,Eucgr.K02708,miRNA-target,2.5,Cleavage
Egr-miR156l,Eucgr.K02708,miRNA-target,2.5,Cleavage
Egr-miR156l,Eucgr.B00631,miRNA-target,2.5,Cleavage
Egr-miR156l,Eucgr.K02545,miRNA-target,2.5,Cleavage
Egr-miR156l,Eucgr.K02545,miRNA-target,2.5,Cleavage
Egr-miR156l,Eucgr.F01108,miRNA-target,2.5,Cleavage
Egr-miR156l,Eucgr.G02780,miRNA-target,2.5,Cleavage
Egr-miR156m,Eucgr.B03518,miRNA-target,2.5,Cleavage
Egr-miR156m,Eucgr.K01046,miRNA-target,2.5,Cleavage
Egr-miR156m,Eucgr.K01046,miRNA-target,2.5,Cleavage
Egr-miR156m,Eucgr.K01046,miRNA-target,2.5,Cleavage
Egr-miR156m,Eucgr.K02708,miRNA-target,2.5,Cleavage
Egr-miR156m,Eucgr.D02505,miRNA-target,2.5,Cleavage
Egr-miR156m,Eucgr.K02708,miRNA-target,2.5,Cleavage
Egr-miR156m,Eucgr.K02708,miRNA-target,2.5,Cleavage
Egr-miR156m,Eucgr.B00631,miRNA-target,2.5,Cleavage
Egr-miR156m,Eucgr.K02545,miRNA-target,2.5,Cleavage
Egr-miR156m,Eucgr.K02545,miRNA-target,2.5,Cleavage
Egr-miR156m,Eucgr.F01108,miRNA-target,2.5,Cleavage
Egr-miR156m,Eucgr.G02780,miRNA-target,2.5,Cleavage
Egr-miR156n,Eucgr.B03518,miRNA-target,2.5,Cleavage
Egr-miR156n,Eucgr.K01046,miRNA-target,2.5,Cleavage
Egr-miR156n,Eucgr.K01046,miRNA-target,2.5,Cleavage
Egr-miR156n,Eucgr.K01046,miRNA-target,2.5,Cleavage
Egr-miR156n,Eucgr.K02708,miRNA-target,2.5,Cleavage
Egr-miR156n,Eucgr.D02505,miRNA-target,2.5,Cleavage
Egr-miR156n,Eucgr.K02708,miRNA-target,2.5,Cleavage
Egr-miR156n,Eucgr.K02708,miRNA-target,2.5,Cleavage
Egr-miR156n,Eucgr.B00631,miRNA-target,2.5,Cleavage
Egr-miR156n,Eucgr.K02545,miRNA-target,2.5,Cleavage
Egr-miR156n,Eucgr.K02545,miRNA-target,2.5,Cleavage
Egr-miR156n,Eucgr.F01108,miRNA-target,2.5,Cleavage
Egr-miR156n,Eucgr.G02780,miRNA-target,2.5,Cleavage
Egr-miR156o,Eucgr.F03545,miRNA-target,2.5,Cleavage
Egr-miR156o,Eucgr.G03188,miRNA-target,2.5,Cleavage
Egr-miR156o,Eucgr.C00100,miRNA-target,2.5,Cleavage
Egr-miR156o,Eucgr.C00100,miRNA-target,2.5,Cleavage
Egr-miR164a,Eucgr.F00427,miRNA-target,2.5,Cleavage
Egr-miR164a,Eucgr.F00427,miRNA-target,2.5,Cleavage
Egr-miR165b,Eucgr.L03240,miRNA-target,2.5,Cleavage
Egr-miR165e,Eucgr.L03240,miRNA-target,2.5,Cleavage
Egr-miR165f,Eucgr.L03240,miRNA-target,2.5,Cleavage
Egr-miR167a,Eucgr.H00555,miRNA-target,2.5,Cleavage
Egr-miR167a,Eucgr.A01782,miRNA-target,2.5,Cleavage
Egr-miR167a,Eucgr.F03026,miRNA-target,2.5,Cleavage
Egr-miR167b,Eucgr.A01782,miRNA-target,2.5,Cleavage
Egr-miR167c,Eucgr.H00555,miRNA-target,2.5,Cleavage
Egr-miR167c,Eucgr.F03026,miRNA-target,2.5,Cleavage
Egr-miR167c,Eucgr.A01782,miRNA-target,2.5,Cleavage
Egr-miR396a,Eucgr.B01131,miRNA-target,2.5,Cleavage
Egr-miR396a,Eucgr.B01484,miRNA-target,2.5,Cleavage
Egr-miR396a,Eucgr.G00948,miRNA-target,2.5,Cleavage
Egr-miR396a,Eucgr.K01496,miRNA-target,2.5,Cleavage
Egr-miR396a,Eucgr.A02958,miRNA-target,2.5,Cleavage
Egr-miR396a,Eucgr.F01852,miRNA-target,2.5,Cleavage
Egr-miR396c,Eucgr.B01131,miRNA-target,2.5,Cleavage
Egr-miR396c,Eucgr.B01484,miRNA-target,2.5,Cleavage
Egr-miR396c,Eucgr.G00948,miRNA-target,2.5,Cleavage
Egr-miR396c,Eucgr.K01496,miRNA-target,2.5,Cleavage
Egr-miR396c,Eucgr.A02958,miRNA-target,2.5,Cleavage
Egr-miR396c,Eucgr.F01852,miRNA-target,2.5,Cleavage
Egr-miR482a,Eucgr.E02243,miRNA-target,2.5,Cleavage
Egr-miR482a,Eucgr.E02164,miRNA-target,2.5,Cleavage
Egr-miR482a,Eucgr.E02926,miRNA-target,2.5,Cleavage
Egr-miR482a,Eucgr.H02164,miRNA-target,2.5,Cleavage
Egr-miR482a,Eucgr.C03195,miRNA-target,2.5,Translation
Egr-miR482a,Eucgr.C03195,miRNA-target,2.5,Translation
Egr-miR482a,Eucgr.C03195,miRNA-target,2.5,Translation
Egr-miR482a,Eucgr.C03195,miRNA-target,2.5,Translation
Egr-miR482a,Eucgr.C03195,miRNA-target,2.5,Translation
Egr-miR482a,Eucgr.C03195,miRNA-target,2.5,Translation
Egr-miR482a,Eucgr.C03195,miRNA-target,2.5,Translation
Egr-miR482a,Eucgr.C03469,miRNA-target,2.5,Cleavage
Egr-miR482b,Eucgr.A01549,miRNA-target,2.5,Cleavage
Egr-miR482b,Eucgr.H03785,miRNA-target,2.5,Cleavage
Egr-miR482b,Eucgr.H03785,miRNA-target,2.5,Cleavage
Egr-miR482b,Eucgr.E00715,miRNA-target,2.5,Cleavage
Egr-miR482b,Eucgr.F00551,miRNA-target,2.5,Cleavage
Egr-miR482b,Eucgr.I02496,miRNA-target,2.5,Cleavage
Egr-miR482b,Eucgr.F02986,miRNA-target,2.5,Cleavage
Egr-miR482b,Eucgr.G03275,miRNA-target,2.5,Cleavage
Egr-miR482b,Eucgr.E03804,miRNA-target,2.5,Cleavage
Egr-miR482b,Eucgr.C01830,miRNA-target,2.5,Translation
Egr-miR482b,Eucgr.A02363,miRNA-target,2.5,Cleavage
Egr-miR535a,Eucgr.B01596,miRNA-target,2.5,Cleavage
Egr-miR535a,Eucgr.F00717,miRNA-target,2.5,Cleavage
Egr-miR535b,Eucgr.B01596,miRNA-target,2.5,Cleavage
Egr-miR535b,Eucgr.F00717,miRNA-target,2.5,Cleavage
Egr-miRN5651,Eucgr.B01315,miRNA-target,2.5,Cleavage
Egr-miRN5651,Eucgr.B01314,miRNA-target,2.5,Cleavage
Egr-miRN5651,Eucgr.L01631,miRNA-target,2.5,Cleavage
Egr-miRN5654,Eucgr.F02649,miRNA-target,2.5,Translation
Egr-miRN5654,Eucgr.B01463,miRNA-target,2.5,Cleavage
Egr-miRN5654,Eucgr.B01463,miRNA-target,2.5,Cleavage
Egr-miRN5654,Eucgr.B01463,miRNA-target,2.5,Cleavage
Egr-miRN5654,Eucgr.B01463,miRNA-target,2.5,Cleavage
Egr-miRN5674,Eucgr.G01074,miRNA-target,2.5,Cleavage
Egr-miRN5674,Eucgr.G01758,miRNA-target,2.5,Cleavage
Egr-miRN5674,Eucgr.H03479,miRNA-target,2.5,Cleavage
scaffold_1630_46529,Eucgr.F04341,miRNA-target,2.5,Cleavage
scaffold_1630_46529,Eucgr.F04341,miRNA-target,2.5,Cleavage
scaffold_1630_46529,Eucgr.J00484,miRNA-target,2.5,Cleavage
scaffold_233_45604,Eucgr.H04669,miRNA-target,2.5,Cleavage
scaffold_368_45308,Eucgr.H01176,miRNA-target,2.5,Cleavage
scaffold_368_45308,Eucgr.H01176,miRNA-target,2.5,Cleavage
scaffold_368_45308,Eucgr.H01176,miRNA-target,2.5,Cleavage
scaffold_368_45308,Eucgr.H01176,miRNA-target,2.5,Cleavage
scaffold_368_45308,Eucgr.H01176,miRNA-target,2.5,Cleavage
scaffold_368_45308,Eucgr.E03165,miRNA-target,2.5,Cleavage
scaffold_368_45308,Eucgr.E03165,miRNA-target,2.5,Cleavage
scaffold_368_45308,Eucgr.E02654,miRNA-target,2.5,Cleavage
scaffold_368_45308,Eucgr.E02654,miRNA-target,2.5,Cleavage
scaffold_368_45308,Eucgr.E02654,miRNA-target,2.5,Cleavage
scaffold_368_45308,Eucgr.J02225,miRNA-target,2.5,Cleavage
scaffold_368_45308,Eucgr.A02035,miRNA-target,2.5,Cleavage
scaffold_368_47485,Eucgr.F03307,miRNA-target,2.5,Cleavage
scaffold_368_47485,Eucgr.E02219,miRNA-target,2.5,Cleavage
scaffold_368_47485,Eucgr.H03134,miRNA-target,2.5,Cleavage
scaffold_46_44237,Eucgr.E00524,miRNA-target,2.5,Cleavage
scaffold_46_44237,Eucgr.D00620,miRNA-target,2.5,Cleavage
scaffold_46_44237,Eucgr.D00620,miRNA-target,2.5,Cleavage
scaffold_46_44237,Eucgr.D00620,miRNA-target,2.5,Cleavage
scaffold_46_44239,Eucgr.E00524,miRNA-target,2.5,Cleavage
scaffold_46_44239,Eucgr.D00620,miRNA-target,2.5,Cleavage
scaffold_46_44239,Eucgr.D00620,miRNA-target,2.5,Cleavage
scaffold_46_44239,Eucgr.D00620,miRNA-target,2.5,Cleavage
scaffold_46_44242,Eucgr.G03015,miRNA-target,2.5,Translation
scaffold_46_44242,Eucgr.K03194,miRNA-target,2.5,Cleavage
scaffold_46_44242,Eucgr.K03192,miRNA-target,2.5,Cleavage
scaffold_60_44348,Eucgr.C02886,miRNA-target,2.5,Cleavage
scaffold_60_44348,Eucgr.F01432,miRNA-target,2.5,Cleavage
scaffold_60_44348,Eucgr.A02648,miRNA-target,2.5,Cleavage
scaffold_60_44348,Eucgr.B02209,miRNA-target,2.5,Cleavage
Chr01_1229,Eucgr.D01801,miRNA-target,3.0,Cleavage
Chr01_1229,Eucgr.B00601,miRNA-target,3.0,Cleavage
Chr01_1229,Eucgr.B00599,miRNA-target,3.0,Cleavage
Chr01_1680,Eucgr.L03036,miRNA-target,3.0,Cleavage
Chr01_1680,Eucgr.E01979,miRNA-target,3.0,Cleavage
Chr01_1680,Eucgr.H02369,miRNA-target,3.0,Translation
Chr01_1680,Eucgr.D02412,miRNA-target,3.0,Cleavage
Chr01_1680,Eucgr.A00474,miRNA-target,3.0,Cleavage
Chr01_1680,Eucgr.A00474,miRNA-target,3.0,Cleavage
Chr01_1680,Eucgr.G01964,miRNA-target,3.0,Cleavage
Chr01_1680,Eucgr.J02295,miRNA-target,3.0,Cleavage
Chr01_1680,Eucgr.H02237,miRNA-target,3.0,Cleavage
Chr01_1680,Eucgr.H01292,miRNA-target,3.0,Cleavage
Chr01_1680,Eucgr.L00158,miRNA-target,3.0,Translation
Chr01_1680,Eucgr.F00845,miRNA-target,3.0,Cleavage
Chr01_1680,Eucgr.F00845,miRNA-target,3.0,Cleavage
Chr01_1680,Eucgr.I02070,miRNA-target,3.0,Cleavage
Chr01_1680,Eucgr.B01217,miRNA-target,3.0,Translation
Chr01_1680,Eucgr.G03354,miRNA-target,3.0,Cleavage
Chr01_1685,Eucgr.E03204,miRNA-target,3.0,Cleavage
Chr01_1685,Eucgr.C02758,miRNA-target,3.0,Cleavage
Chr01_1685,Eucgr.C02758,miRNA-target,3.0,Cleavage
Chr01_1685,Eucgr.J02025,miRNA-target,3.0,Cleavage
Chr01_1685,Eucgr.J00730,miRNA-target,3.0,Cleavage
Chr01_1685,Eucgr.J02764,miRNA-target,3.0,Cleavage
Chr01_1685,Eucgr.G01379,miRNA-target,3.0,Cleavage
Chr01_1685,Eucgr.L01342,miRNA-target,3.0,Cleavage
Chr01_1685,Eucgr.L02344,miRNA-target,3.0,Cleavage
Chr01_1685,Eucgr.D01053,miRNA-target,3.0,Cleavage
Chr01_1685,Eucgr.C02167,miRNA-target,3.0,Cleavage
Chr01_1685,Eucgr.D00427,miRNA-target,3.0,Cleavage
Chr01_1685,Eucgr.C01004,miRNA-target,3.0,Cleavage
Chr01_1685,Eucgr.C01004,miRNA-target,3.0,Cleavage
Chr01_1685,Eucgr.B03011,miRNA-target,3.0,Cleavage
Chr01_1685,Eucgr.G01611,miRNA-target,3.0,Cleavage
Chr01_1685,Eucgr.B01645,miRNA-target,3.0,Cleavage
Chr01_1685,Eucgr.H00605,miRNA-target,3.0,Cleavage
Chr01_1685,Eucgr.B01252,miRNA-target,3.0,Cleavage
Chr01_1685,Eucgr.H01928,miRNA-target,3.0,Cleavage
Chr01_1685,Eucgr.B02569,miRNA-target,3.0,Cleavage
Chr01_1896,Eucgr.H02369,miRNA-target,3.0,Translation
Chr01_1896,Eucgr.G01964,miRNA-target,3.0,Cleavage
Chr01_1896,Eucgr.L03036,miRNA-target,3.0,Cleavage
Chr01_1896,Eucgr.E01979,miRNA-target,3.0,Cleavage
Chr01_1896,Eucgr.D02412,miRNA-target,3.0,Cleavage
Chr01_1896,Eucgr.A00474,miRNA-target,3.0,Cleavage
Chr01_1896,Eucgr.A00474,miRNA-target,3.0,Cleavage
Chr01_1896,Eucgr.J02295,miRNA-target,3.0,Cleavage
Chr01_1896,Eucgr.H02237,miRNA-target,3.0,Cleavage
Chr01_1896,Eucgr.H01292,miRNA-target,3.0,Cleavage
Chr01_1896,Eucgr.L00158,miRNA-target,3.0,Translation
Chr01_1896,Eucgr.F00845,miRNA-target,3.0,Cleavage
Chr01_1896,Eucgr.F00845,miRNA-target,3.0,Cleavage
Chr01_1896,Eucgr.I02070,miRNA-target,3.0,Cleavage
Chr01_1896,Eucgr.B01217,miRNA-target,3.0,Translation
Chr01_1896,Eucgr.G03354,miRNA-target,3.0,Cleavage
Chr01_2889,Eucgr.F01129,miRNA-target,3.0,Translation
Chr01_2889,Eucgr.K00083,miRNA-target,3.0,Cleavage
Chr01_2889,Eucgr.K01032,miRNA-target,3.0,Cleavage
Chr01_2891,Eucgr.F01129,miRNA-target,3.0,Translation
Chr01_2891,Eucgr.K00083,miRNA-target,3.0,Cleavage
Chr01_2891,Eucgr.K01032,miRNA-target,3.0,Cleavage
Chr01_850,Eucgr.D00428,miRNA-target,3.0,Cleavage
Chr02_5696,Eucgr.K02341,miRNA-target,3.0,Cleavage
Chr02_5696,Eucgr.A00932,miRNA-target,3.0,Cleavage
Chr02_5696,Eucgr.A00929,miRNA-target,3.0,Cleavage
Chr02_5696,Eucgr.E04234,miRNA-target,3.0,Cleavage
Chr02_5754,Eucgr.H04081,miRNA-target,3.0,Cleavage
Chr02_5754,Eucgr.I00178,miRNA-target,3.0,Cleavage
Chr02_5754,Eucgr.F01130,miRNA-target,3.0,Cleavage
Chr02_5754,Eucgr.F01130,miRNA-target,3.0,Cleavage
Chr02_5754,Eucgr.I02373,miRNA-target,3.0,Cleavage
Chr02_5754,Eucgr.G00775,miRNA-target,3.0,Translation
Chr02_5754,Eucgr.I00188,miRNA-target,3.0,Cleavage
Chr02_5754,Eucgr.K00636,miRNA-target,3.0,Cleavage
Chr02_5754,Eucgr.F04101,miRNA-target,3.0,Cleavage
Chr02_5754,Eucgr.G00881,miRNA-target,3.0,Cleavage
Chr02_5754,Eucgr.C01163,miRNA-target,3.0,Cleavage
Chr02_5754,Eucgr.G00620,miRNA-target,3.0,Cleavage
Chr02_5754,Eucgr.H03154,miRNA-target,3.0,Cleavage
Chr02_5754,Eucgr.H03154,miRNA-target,3.0,Cleavage
Chr02_8243,Eucgr.A01103,miRNA-target,3.0,Cleavage
Chr02_8243,Eucgr.G01934,miRNA-target,3.0,Cleavage
Chr03_12134,Eucgr.E02950,miRNA-target,3.0,Cleavage
Chr03_12134,Eucgr.I01117,miRNA-target,3.0,Cleavage
Chr03_12134,Eucgr.H04799,miRNA-target,3.0,Cleavage
Chr03_12134,Eucgr.K00398,miRNA-target,3.0,Cleavage
Chr03_12134,Eucgr.A02352,miRNA-target,3.0,Cleavage
Chr03_12134,Eucgr.A02354,miRNA-target,3.0,Cleavage
Chr03_12134,Eucgr.A02354,miRNA-target,3.0,Cleavage
Chr03_12134,Eucgr.A02354,miRNA-target,3.0,Cleavage
Chr03_12134,Eucgr.A02354,miRNA-target,3.0,Cleavage
Chr03_12134,Eucgr.E00847,miRNA-target,3.0,Cleavage
Chr03_12134,Eucgr.D00014,miRNA-target,3.0,Cleavage
Chr03_12234,Eucgr.H04969,miRNA-target,3.0,Translation
Chr03_12234,Eucgr.C00752,miRNA-target,3.0,Cleavage
Chr03_12234,Eucgr.F04004,miRNA-target,3.0,Cleavage
Chr03_12234,Eucgr.H00644,miRNA-target,3.0,Cleavage
Chr03_12234,Eucgr.H00644,miRNA-target,3.0,Cleavage
Chr03_12234,Eucgr.C02072,miRNA-target,3.0,Cleavage
Chr03_12234,Eucgr.J02435,miRNA-target,3.0,Cleavage
Chr03_14086,Eucgr.H04969,miRNA-target,3.0,Translation
Chr03_14086,Eucgr.C00752,miRNA-target,3.0,Cleavage
Chr03_14086,Eucgr.F04004,miRNA-target,3.0,Cleavage
Chr03_14086,Eucgr.H00644,miRNA-target,3.0,Cleavage
Chr03_14086,Eucgr.H00644,miRNA-target,3.0,Cleavage
Chr03_14086,Eucgr.C02072,miRNA-target,3.0,Cleavage
Chr03_14086,Eucgr.J02435,miRNA-target,3.0,Cleavage
Chr03_14181,Eucgr.H04969,miRNA-target,3.0,Translation
Chr03_14181,Eucgr.K02358,miRNA-target,3.0,Translation
Chr03_14181,Eucgr.K02358,miRNA-target,3.0,Translation
Chr03_14181,Eucgr.K02358,miRNA-target,3.0,Translation
Chr03_14181,Eucgr.F04004,miRNA-target,3.0,Cleavage
Chr03_14181,Eucgr.K02358,miRNA-target,3.0,Translation
Chr03_14181,Eucgr.H00644,miRNA-target,3.0,Cleavage
Chr03_14181,Eucgr.H00644,miRNA-target,3.0,Cleavage
Chr03_14181,Eucgr.C02072,miRNA-target,3.0,Cleavage
Chr03_9415,Eucgr.K02499,miRNA-target,3.0,Cleavage
Chr03_9415,Eucgr.K02499,miRNA-target,3.0,Cleavage
Chr03_9415,Eucgr.K02499,miRNA-target,3.0,Cleavage
Chr03_9415,Eucgr.K02499,miRNA-target,3.0,Cleavage
Chr03_9415,Eucgr.C01547,miRNA-target,3.0,Translation
Chr03_9415,Eucgr.K02931,miRNA-target,3.0,Cleavage
Chr03_9415,Eucgr.C01554,miRNA-target,3.0,Translation
Chr03_9415,Eucgr.C01826,miRNA-target,3.0,Translation
Chr03_9415,Eucgr.C01828,miRNA-target,3.0,Translation
Chr03_9415,Eucgr.C01820,miRNA-target,3.0,Translation
Chr05_17624,Eucgr.H03480,miRNA-target,3.0,Cleavage
Chr05_17624,Eucgr.H03480,miRNA-target,3.0,Cleavage
Chr05_18368,Eucgr.G02159,miRNA-target,3.0,Cleavage
Chr05_18368,Eucgr.D02544,miRNA-target,3.0,Translation
Chr05_18368,Eucgr.D02544,miRNA-target,3.0,Translation
Chr05_18368,Eucgr.H00812,miRNA-target,3.0,Cleavage
Chr05_18368,Eucgr.K02468,miRNA-target,3.0,Translation
Chr05_18368,Eucgr.D02537,miRNA-target,3.0,Cleavage
Chr05_18368,Eucgr.D02537,miRNA-target,3.0,Cleavage
Chr05_19036,Eucgr.J02404,miRNA-target,3.0,Cleavage
Chr05_19036,Eucgr.J03194,miRNA-target,3.0,Cleavage
Chr05_19036,Eucgr.A02953,miRNA-target,3.0,Translation
Chr05_19932,Eucgr.D01668,miRNA-target,3.0,Cleavage
Chr05_19932,Eucgr.J01177,miRNA-target,3.0,Cleavage
Chr05_19932,Eucgr.J01177,miRNA-target,3.0,Cleavage
Chr05_19932,Eucgr.J01177,miRNA-target,3.0,Cleavage
Chr05_19932,Eucgr.J01177,miRNA-target,3.0,Cleavage
Chr05_19932,Eucgr.J00854,miRNA-target,3.0,Cleavage
Chr05_19932,Eucgr.J00854,miRNA-target,3.0,Cleavage
Chr05_19932,Eucgr.J00854,miRNA-target,3.0,Cleavage
Chr05_19932,Eucgr.J00854,miRNA-target,3.0,Cleavage
Chr05_19932,Eucgr.J00854,miRNA-target,3.0,Cleavage
Chr05_19932,Eucgr.J00854,miRNA-target,3.0,Cleavage
Chr05_19932,Eucgr.B01002,miRNA-target,3.0,Cleavage
Chr05_19932,Eucgr.B01002,miRNA-target,3.0,Cleavage
Chr05_19932,Eucgr.B01002,miRNA-target,3.0,Cleavage
Chr05_19934,Eucgr.I01424,miRNA-target,3.0,Translation
Chr05_19934,Eucgr.B01080,miRNA-target,3.0,Cleavage
Chr05_19934,Eucgr.E02482,miRNA-target,3.0,Cleavage
Chr05_19934,Eucgr.E02482,miRNA-target,3.0,Cleavage
Chr05_19934,Eucgr.E02482,miRNA-target,3.0,Cleavage
Chr05_19934,Eucgr.E02482,miRNA-target,3.0,Cleavage
Chr05_19934,Eucgr.E02482,miRNA-target,3.0,Cleavage
Chr05_19934,Eucgr.E02482,miRNA-target,3.0,Cleavage
Chr05_19934,Eucgr.H04146,miRNA-target,3.0,Cleavage
Chr05_19934,Eucgr.K03420,miRNA-target,3.0,Cleavage
Chr05_20206,Eucgr.D01668,miRNA-target,3.0,Cleavage
Chr05_20206,Eucgr.J01177,miRNA-target,3.0,Cleavage
Chr05_20206,Eucgr.J01177,miRNA-target,3.0,Cleavage
Chr05_20206,Eucgr.J01177,miRNA-target,3.0,Cleavage
Chr05_20206,Eucgr.J01177,miRNA-target,3.0,Cleavage
Chr05_20206,Eucgr.J00854,miRNA-target,3.0,Cleavage
Chr05_20206,Eucgr.J00854,miRNA-target,3.0,Cleavage
Chr05_20206,Eucgr.J00854,miRNA-target,3.0,Cleavage
Chr05_20206,Eucgr.J00854,miRNA-target,3.0,Cleavage
Chr05_20206,Eucgr.J00854,miRNA-target,3.0,Cleavage
Chr05_20206,Eucgr.J00854,miRNA-target,3.0,Cleavage
Chr05_20206,Eucgr.B01002,miRNA-target,3.0,Cleavage
Chr05_20206,Eucgr.B01002,miRNA-target,3.0,Cleavage
Chr05_20206,Eucgr.B01002,miRNA-target,3.0,Cleavage
Chr05_20208,Eucgr.D01668,miRNA-target,3.0,Cleavage
Chr05_20208,Eucgr.J01177,miRNA-target,3.0,Cleavage
Chr05_20208,Eucgr.J01177,miRNA-target,3.0,Cleavage
Chr05_20208,Eucgr.J01177,miRNA-target,3.0,Cleavage
Chr05_20208,Eucgr.J01177,miRNA-target,3.0,Cleavage
Chr05_20208,Eucgr.J00854,miRNA-target,3.0,Cleavage
Chr05_20208,Eucgr.J00854,miRNA-target,3.0,Cleavage
Chr05_20208,Eucgr.J00854,miRNA-target,3.0,Cleavage
Chr05_20208,Eucgr.J00854,miRNA-target,3.0,Cleavage
Chr05_20208,Eucgr.J00854,miRNA-target,3.0,Cleavage
Chr05_20208,Eucgr.J00854,miRNA-target,3.0,Cleavage
Chr05_20208,Eucgr.B01002,miRNA-target,3.0,Cleavage
Chr05_20208,Eucgr.B01002,miRNA-target,3.0,Cleavage
Chr05_20208,Eucgr.B01002,miRNA-target,3.0,Cleavage
Chr05_20214,Eucgr.D01668,miRNA-target,3.0,Cleavage
Chr05_20214,Eucgr.J01177,miRNA-target,3.0,Cleavage
Chr05_20214,Eucgr.J01177,miRNA-target,3.0,Cleavage
Chr05_20214,Eucgr.J01177,miRNA-target,3.0,Cleavage
Chr05_20214,Eucgr.J01177,miRNA-target,3.0,Cleavage
Chr05_20214,Eucgr.J00854,miRNA-target,3.0,Cleavage
Chr05_20214,Eucgr.J00854,miRNA-target,3.0,Cleavage
Chr05_20214,Eucgr.J00854,miRNA-target,3.0,Cleavage
Chr05_20214,Eucgr.J00854,miRNA-target,3.0,Cleavage
Chr05_20214,Eucgr.J00854,miRNA-target,3.0,Cleavage
Chr05_20214,Eucgr.J00854,miRNA-target,3.0,Cleavage
Chr05_20214,Eucgr.B01002,miRNA-target,3.0,Cleavage
Chr05_20214,Eucgr.B01002,miRNA-target,3.0,Cleavage
Chr05_20214,Eucgr.B01002,miRNA-target,3.0,Cleavage
Chr05_21615,Eucgr.J02404,miRNA-target,3.0,Cleavage
Chr05_21615,Eucgr.J03194,miRNA-target,3.0,Cleavage
Chr05_21615,Eucgr.A02953,miRNA-target,3.0,Translation
Chr05_23089,Eucgr.D01668,miRNA-target,3.0,Cleavage
Chr05_23089,Eucgr.J01177,miRNA-target,3.0,Cleavage
Chr05_23089,Eucgr.J01177,miRNA-target,3.0,Cleavage
Chr05_23089,Eucgr.J01177,miRNA-target,3.0,Cleavage
Chr05_23089,Eucgr.J01177,miRNA-target,3.0,Cleavage
Chr05_23089,Eucgr.J00854,miRNA-target,3.0,Cleavage
Chr05_23089,Eucgr.J00854,miRNA-target,3.0,Cleavage
Chr05_23089,Eucgr.J00854,miRNA-target,3.0,Cleavage
Chr05_23089,Eucgr.J00854,miRNA-target,3.0,Cleavage
Chr05_23089,Eucgr.J00854,miRNA-target,3.0,Cleavage
Chr05_23089,Eucgr.J00854,miRNA-target,3.0,Cleavage
Chr05_23089,Eucgr.B01002,miRNA-target,3.0,Cleavage
Chr05_23089,Eucgr.B01002,miRNA-target,3.0,Cleavage
Chr05_23089,Eucgr.B01002,miRNA-target,3.0,Cleavage
Chr05_23094,Eucgr.E00524,miRNA-target,3.0,Cleavage
Chr05_23094,Eucgr.D00620,miRNA-target,3.0,Cleavage
Chr05_23094,Eucgr.D00620,miRNA-target,3.0,Cleavage
Chr05_23094,Eucgr.D00620,miRNA-target,3.0,Cleavage
Chr05_23094,Eucgr.F01630,miRNA-target,3.0,Cleavage
Chr05_23094,Eucgr.B00090,miRNA-target,3.0,Cleavage
Chr05_23094,Eucgr.D01559,miRNA-target,3.0,Cleavage
Chr05_23096,Eucgr.E00524,miRNA-target,3.0,Cleavage
Chr05_23096,Eucgr.D00620,miRNA-target,3.0,Cleavage
Chr05_23096,Eucgr.D00620,miRNA-target,3.0,Cleavage
Chr05_23096,Eucgr.D00620,miRNA-target,3.0,Cleavage
Chr05_23096,Eucgr.F01630,miRNA-target,3.0,Cleavage
Chr05_23096,Eucgr.B00090,miRNA-target,3.0,Cleavage
Chr05_23096,Eucgr.D01559,miRNA-target,3.0,Cleavage
Chr05_23098,Eucgr.E00524,miRNA-target,3.0,Cleavage
Chr05_23098,Eucgr.D00620,miRNA-target,3.0,Cleavage
Chr05_23098,Eucgr.D00620,miRNA-target,3.0,Cleavage
Chr05_23098,Eucgr.D00620,miRNA-target,3.0,Cleavage
Chr05_23098,Eucgr.F01630,miRNA-target,3.0,Cleavage
Chr05_23098,Eucgr.B00090,miRNA-target,3.0,Cleavage
Chr05_23098,Eucgr.D01559,miRNA-target,3.0,Cleavage
Chr06_22113,Eucgr.K00288,miRNA-target,3.0,Cleavage
Chr06_22113,Eucgr.K00600,miRNA-target,3.0,Cleavage
Chr06_22113,Eucgr.K00600,miRNA-target,3.0,Cleavage
Chr06_22113,Eucgr.K00600,miRNA-target,3.0,Cleavage
Chr06_22113,Eucgr.C04065,miRNA-target,3.0,Cleavage
Chr06_22113,Eucgr.E00280,miRNA-target,3.0,Cleavage
Chr06_22113,Eucgr.K00899,miRNA-target,3.0,Cleavage
Chr06_22113,Eucgr.B02975,miRNA-target,3.0,Cleavage
Chr06_22113,Eucgr.B01230,miRNA-target,3.0,Cleavage
Chr06_22113,Eucgr.B01237,miRNA-target,3.0,Cleavage
Chr06_22113,Eucgr.F00343,miRNA-target,3.0,Cleavage
Chr06_22113,Eucgr.F00340,miRNA-target,3.0,Cleavage
Chr06_22113,Eucgr.L00991,miRNA-target,3.0,Cleavage
Chr06_22113,Eucgr.F00346,miRNA-target,3.0,Cleavage
Chr06_22113,Eucgr.F00338,miRNA-target,3.0,Cleavage
Chr06_22113,Eucgr.F00353,miRNA-target,3.0,Cleavage
Chr06_22113,Eucgr.J03156,miRNA-target,3.0,Cleavage
Chr06_22113,Eucgr.F00337,miRNA-target,3.0,Cleavage
Chr06_22113,Eucgr.J03158,miRNA-target,3.0,Cleavage
Chr06_22113,Eucgr.F00355,miRNA-target,3.0,Cleavage
Chr06_22113,Eucgr.J00798,miRNA-target,3.0,Cleavage
Chr06_22113,Eucgr.J03154,miRNA-target,3.0,Cleavage
Chr06_22113,Eucgr.J03155,miRNA-target,3.0,Cleavage
Chr06_22113,Eucgr.E01581,miRNA-target,3.0,Cleavage
Chr06_22113,Eucgr.H04218,miRNA-target,3.0,Cleavage
Chr06_22113,Eucgr.E02546,miRNA-target,3.0,Cleavage
Chr06_22113,Eucgr.E01169,miRNA-target,3.0,Cleavage
Chr06_22113,Eucgr.E00331,miRNA-target,3.0,Cleavage
Chr06_22113,Eucgr.E00331,miRNA-target,3.0,Cleavage
Chr06_22113,Eucgr.C00999,miRNA-target,3.0,Cleavage
Chr06_22113,Eucgr.E01169,miRNA-target,3.0,Cleavage
Chr06_22113,Eucgr.J02129,miRNA-target,3.0,Cleavage
Chr06_22113,Eucgr.E00331,miRNA-target,3.0,Cleavage
Chr06_22113,Eucgr.A00093,miRNA-target,3.0,Cleavage
Chr06_22113,Eucgr.J02129,miRNA-target,3.0,Cleavage
Chr06_22113,Eucgr.B02106,miRNA-target,3.0,Translation
Chr06_22113,Eucgr.B01698,miRNA-target,3.0,Translation
Chr06_22113,Eucgr.F01869,miRNA-target,3.0,Cleavage
Chr06_22113,Eucgr.K00108,miRNA-target,3.0,Cleavage
Chr06_24996,Eucgr.F01759,miRNA-target,3.0,Cleavage
Chr06_24996,Eucgr.H00430,miRNA-target,3.0,Cleavage
Chr06_24996,Eucgr.A02865,miRNA-target,3.0,Cleavage
Chr06_24998,Eucgr.F02859,miRNA-target,3.0,Translation
Chr06_24998,Eucgr.K00641,miRNA-target,3.0,Translation
Chr06_24998,Eucgr.H03528,miRNA-target,3.0,Cleavage
Chr06_24998,Eucgr.E00053,miRNA-target,3.0,Cleavage
Chr06_24998,Eucgr.E04075,miRNA-target,3.0,Cleavage
Chr06_24998,Eucgr.D00785,miRNA-target,3.0,Cleavage
Chr06_24998,Eucgr.E00547,miRNA-target,3.0,Cleavage
Chr06_24998,Eucgr.E00547,miRNA-target,3.0,Cleavage
Chr07_27100,Eucgr.C01780,miRNA-target,3.0,Cleavage
Chr07_27100,Eucgr.F00123,miRNA-target,3.0,Cleavage
Chr07_27100,Eucgr.F00123,miRNA-target,3.0,Cleavage
Chr07_27100,Eucgr.J01189,miRNA-target,3.0,Cleavage
Chr07_27100,Eucgr.J02495,miRNA-target,3.0,Cleavage
Chr07_27268,Eucgr.B00707,miRNA-target,3.0,Cleavage
Chr07_27268,Eucgr.B00707,miRNA-target,3.0,Cleavage
Chr07_27268,Eucgr.B00707,miRNA-target,3.0,Cleavage
Chr07_27268,Eucgr.F03427,miRNA-target,3.0,Cleavage
Chr07_27268,Eucgr.H01686,miRNA-target,3.0,Cleavage
Chr07_27268,Eucgr.F02609,miRNA-target,3.0,Cleavage
Chr07_27268,Eucgr.C00667,miRNA-target,3.0,Cleavage
Chr07_27268,Eucgr.C00667,miRNA-target,3.0,Cleavage
Chr07_27268,Eucgr.J02354,miRNA-target,3.0,Cleavage
Chr07_27909,Eucgr.H02967,miRNA-target,3.0,Cleavage
Chr07_27909,Eucgr.I01660,miRNA-target,3.0,Cleavage
Chr07_27909,Eucgr.E02959,miRNA-target,3.0,Cleavage
Chr07_27909,Eucgr.K01238,miRNA-target,3.0,Cleavage
Chr07_27909,Eucgr.A02781,miRNA-target,3.0,Translation
Chr07_27909,Eucgr.A02779,miRNA-target,3.0,Translation
Chr07_27909,Eucgr.B01553,miRNA-target,3.0,Cleavage
Chr07_28550,Eucgr.B01260,miRNA-target,3.0,Cleavage
Chr07_28550,Eucgr.K01192,miRNA-target,3.0,Cleavage
Chr07_28550,Eucgr.C04008,miRNA-target,3.0,Cleavage
Chr07_28550,Eucgr.G01740,miRNA-target,3.0,Cleavage
Chr07_28550,Eucgr.E04129,miRNA-target,3.0,Cleavage
Chr07_28550,Eucgr.E04128,miRNA-target,3.0,Cleavage
Chr07_28550,Eucgr.E03745,miRNA-target,3.0,Cleavage
Chr07_28646,Eucgr.H03480,miRNA-target,3.0,Cleavage
Chr07_28646,Eucgr.H03480,miRNA-target,3.0,Cleavage
Chr07_30125,Eucgr.C04158,miRNA-target,3.0,Cleavage
Chr07_30125,Eucgr.E03954,miRNA-target,3.0,Cleavage
Chr07_30125,Eucgr.E00552,miRNA-target,3.0,Cleavage
Chr07_30125,Eucgr.D01851,miRNA-target,3.0,Translation
Chr07_30125,Eucgr.E02662,miRNA-target,3.0,Cleavage
Chr07_30134,Eucgr.H05012,miRNA-target,3.0,Cleavage
Chr07_30134,Eucgr.H03574,miRNA-target,3.0,Cleavage
Chr07_30134,Eucgr.G00476,miRNA-target,3.0,Cleavage
Chr07_30134,Eucgr.G00476,miRNA-target,3.0,Cleavage
Chr07_30134,Eucgr.G00476,miRNA-target,3.0,Cleavage
Chr07_30134,Eucgr.H00886,miRNA-target,3.0,Cleavage
Chr07_30134,Eucgr.H00959,miRNA-target,3.0,Cleavage
Chr07_30134,Eucgr.H01305,miRNA-target,3.0,Cleavage
Chr07_30134,Eucgr.F00357,miRNA-target,3.0,Cleavage
Chr07_30134,Eucgr.H04609,miRNA-target,3.0,Cleavage
Chr08_30381,Eucgr.I02762,miRNA-target,3.0,Cleavage
Chr08_30381,Eucgr.I02762,miRNA-target,3.0,Cleavage
Chr08_30381,Eucgr.I02762,miRNA-target,3.0,Cleavage
Chr08_30632,Eucgr.B00199,miRNA-target,3.0,Cleavage
Chr08_30632,Eucgr.B00204,miRNA-target,3.0,Cleavage
Chr08_30632,Eucgr.B00204,miRNA-target,3.0,Cleavage
Chr08_30632,Eucgr.B00199,miRNA-target,3.0,Cleavage
Chr08_30632,Eucgr.B01015,miRNA-target,3.0,Cleavage
Chr08_30632,Eucgr.B00198,miRNA-target,3.0,Cleavage
Chr08_30632,Eucgr.B00195,miRNA-target,3.0,Cleavage
Chr08_30632,Eucgr.B00203,miRNA-target,3.0,Cleavage
Chr08_30632,Eucgr.L03100,miRNA-target,3.0,Cleavage
Chr08_30632,Eucgr.L00981,miRNA-target,3.0,Cleavage
Chr08_30632,Eucgr.H00933,miRNA-target,3.0,Cleavage
Chr08_30632,Eucgr.D01066,miRNA-target,3.0,Cleavage
Chr08_30632,Eucgr.D01066,miRNA-target,3.0,Cleavage
Chr08_30632,Eucgr.K00143,miRNA-target,3.0,Translation
Chr08_30632,Eucgr.K00143,miRNA-target,3.0,Translation
Chr08_30632,Eucgr.E04371,miRNA-target,3.0,Cleavage
Chr08_30632,Eucgr.E02039,miRNA-target,3.0,Cleavage
Chr08_30632,Eucgr.K01324,miRNA-target,3.0,Cleavage
Chr08_30632,Eucgr.L03511,miRNA-target,3.0,Cleavage
Chr08_30632,Eucgr.B00205,miRNA-target,3.0,Cleavage
Chr08_30632,Eucgr.B00200,miRNA-target,3.0,Cleavage
Chr08_30632,Eucgr.B00206,miRNA-target,3.0,Cleavage
Chr08_30632,Eucgr.B00207,miRNA-target,3.0,Cleavage
Chr08_30632,Eucgr.B01014,miRNA-target,3.0,Cleavage
Chr08_30632,Eucgr.B00201,miRNA-target,3.0,Cleavage
Chr08_30632,Eucgr.B01897,miRNA-target,3.0,Cleavage
Chr08_30632,Eucgr.I00704,miRNA-target,3.0,Cleavage
Chr08_30829,Eucgr.J00373,miRNA-target,3.0,Cleavage
Chr08_30829,Eucgr.E01445,miRNA-target,3.0,Cleavage
Chr08_30829,Eucgr.E01445,miRNA-target,3.0,Cleavage
Chr08_30829,Eucgr.D01599,miRNA-target,3.0,Cleavage
Chr08_30829,Eucgr.D01599,miRNA-target,3.0,Cleavage
Chr08_30829,Eucgr.D01587,miRNA-target,3.0,Cleavage
Chr08_30829,Eucgr.F02230,miRNA-target,3.0,Cleavage
Chr08_30829,Eucgr.F02230,miRNA-target,3.0,Cleavage
Chr08_30829,Eucgr.H04089,miRNA-target,3.0,Cleavage
Chr08_31426,Eucgr.D01599,miRNA-target,3.0,Cleavage
Chr08_31426,Eucgr.D01599,miRNA-target,3.0,Cleavage
Chr08_31426,Eucgr.C02470,miRNA-target,3.0,Cleavage
Chr08_31426,Eucgr.F02611,miRNA-target,3.0,Cleavage
Chr08_31426,Eucgr.C00538,miRNA-target,3.0,Cleavage
Chr08_31426,Eucgr.I02304,miRNA-target,3.0,Cleavage
Chr08_31426,Eucgr.D00250,miRNA-target,3.0,Cleavage
Chr08_31426,Eucgr.F02533,miRNA-target,3.0,Cleavage
Chr08_31426,Eucgr.C03974,miRNA-target,3.0,Cleavage
Chr08_31426,Eucgr.F02125,miRNA-target,3.0,Cleavage
Chr08_31426,Eucgr.B03431,miRNA-target,3.0,Cleavage
Chr08_31426,Eucgr.G00745,miRNA-target,3.0,Translation
Chr08_31426,Eucgr.F00618,miRNA-target,3.0,Cleavage
Chr08_31426,Eucgr.E00693,miRNA-target,3.0,Cleavage
Chr08_31426,Eucgr.K02448,miRNA-target,3.0,Cleavage
Chr08_31426,Eucgr.K02448,miRNA-target,3.0,Cleavage
Chr08_31426,Eucgr.F03507,miRNA-target,3.0,Cleavage
Chr08_31426,Eucgr.G02771,miRNA-target,3.0,Cleavage
Chr08_31426,Eucgr.B01530,miRNA-target,3.0,Cleavage
Chr08_31426,Eucgr.B01530,miRNA-target,3.0,Cleavage
Chr08_31426,Eucgr.B01530,miRNA-target,3.0,Cleavage
Chr08_31426,Eucgr.E02396,miRNA-target,3.0,Cleavage
Chr08_31426,Eucgr.F03272,miRNA-target,3.0,Cleavage
Chr08_31426,Eucgr.B00634,miRNA-target,3.0,Cleavage
Chr08_31426,Eucgr.B00634,miRNA-target,3.0,Cleavage
Chr08_33849,Eucgr.K02574,miRNA-target,3.0,Cleavage
Chr08_33849,Eucgr.J01246,miRNA-target,3.0,Cleavage
Chr08_33849,Eucgr.A01463,miRNA-target,3.0,Cleavage
Chr08_33849,Eucgr.A02577,miRNA-target,3.0,Cleavage
Chr08_33849,Eucgr.L02536,miRNA-target,3.0,Cleavage
Chr08_33849,Eucgr.H00344,miRNA-target,3.0,Cleavage
Chr08_34494,Eucgr.B03433,miRNA-target,3.0,Cleavage
Chr08_34494,Eucgr.A02083,miRNA-target,3.0,Cleavage
Chr08_34494,Eucgr.A02083,miRNA-target,3.0,Cleavage
Chr08_34494,Eucgr.C02482,miRNA-target,3.0,Cleavage
Chr08_34494,Eucgr.H02825,miRNA-target,3.0,Cleavage
Chr08_34494,Eucgr.C02488,miRNA-target,3.0,Cleavage
Chr08_34494,Eucgr.K01444,miRNA-target,3.0,Cleavage
Chr08_34494,Eucgr.K01450,miRNA-target,3.0,Cleavage
Chr08_34494,Eucgr.C03126,miRNA-target,3.0,Cleavage
Chr08_34494,Eucgr.K01427,miRNA-target,3.0,Cleavage
Chr08_34494,Eucgr.K00185,miRNA-target,3.0,Cleavage
Chr08_34494,Eucgr.K00185,miRNA-target,3.0,Cleavage
Chr08_34494,Eucgr.D02551,miRNA-target,3.0,Cleavage
Chr08_34494,Eucgr.J01519,miRNA-target,3.0,Cleavage
Chr08_34494,Eucgr.D02142,miRNA-target,3.0,Translation
Chr08_34494,Eucgr.D02142,miRNA-target,3.0,Translation
Chr08_34494,Eucgr.D02142,miRNA-target,3.0,Translation
Chr08_34494,Eucgr.E00805,miRNA-target,3.0,Cleavage
Chr08_34494,Eucgr.E00805,miRNA-target,3.0,Cleavage
Chr08_34494,Eucgr.E00805,miRNA-target,3.0,Cleavage
Chr08_34494,Eucgr.E00805,miRNA-target,3.0,Cleavage
Chr08_34702,Eucgr.H04429,miRNA-target,3.0,Cleavage
Chr08_34702,Eucgr.H04922,miRNA-target,3.0,Cleavage
Chr08_34702,Eucgr.E01212,miRNA-target,3.0,Cleavage
Chr08_34702,Eucgr.J01889,miRNA-target,3.0,Cleavage
Chr08_34702,Eucgr.F01460,miRNA-target,3.0,Cleavage
Chr08_35572,Eucgr.G01271,miRNA-target,3.0,Cleavage
Chr08_35572,Eucgr.G03140,miRNA-target,3.0,Cleavage
Chr08_35572,Eucgr.F02219,miRNA-target,3.0,Cleavage
Chr08_35572,Eucgr.G01811,miRNA-target,3.0,Cleavage
Chr08_35572,Eucgr.A01301,miRNA-target,3.0,Cleavage
Chr08_35572,Eucgr.K01327,miRNA-target,3.0,Cleavage
Chr08_35572,Eucgr.C01635,miRNA-target,3.0,Cleavage
Chr08_35572,Eucgr.C01493,miRNA-target,3.0,Cleavage
Chr08_35572,Eucgr.K00559,miRNA-target,3.0,Cleavage
Chr08_35612,Eucgr.I02742,miRNA-target,3.0,Cleavage
Chr08_35612,Eucgr.E01439,miRNA-target,3.0,Cleavage
Chr08_35612,Eucgr.H03945,miRNA-target,3.0,Translation
Chr08_35612,Eucgr.H02472,miRNA-target,3.0,Cleavage
Chr08_35612,Eucgr.F01437,miRNA-target,3.0,Cleavage
Chr08_35612,Eucgr.F01437,miRNA-target,3.0,Cleavage
Chr08_35612,Eucgr.F02602,miRNA-target,3.0,Cleavage
Chr08_35612,Eucgr.C03719,miRNA-target,3.0,Cleavage
Chr08_35612,Eucgr.B01918,miRNA-target,3.0,Cleavage
Chr08_35612,Eucgr.L01850,miRNA-target,3.0,Cleavage
Chr08_35612,Eucgr.B01733,miRNA-target,3.0,Cleavage
Chr08_35612,Eucgr.F01418,miRNA-target,3.0,Cleavage
Chr08_35612,Eucgr.L01482,miRNA-target,3.0,Cleavage
Chr08_35612,Eucgr.F01421,miRNA-target,3.0,Cleavage
Chr08_35612,Eucgr.F01421,miRNA-target,3.0,Cleavage
Chr08_35612,Eucgr.G01599,miRNA-target,3.0,Cleavage
Chr08_35612,Eucgr.G01599,miRNA-target,3.0,Cleavage
Chr08_35612,Eucgr.G01599,miRNA-target,3.0,Cleavage
Chr08_35612,Eucgr.I02599,miRNA-target,3.0,Cleavage
Chr08_35612,Eucgr.G03134,miRNA-target,3.0,Translation
Chr08_35612,Eucgr.D02028,miRNA-target,3.0,Cleavage
Chr08_35612,Eucgr.D02028,miRNA-target,3.0,Cleavage
Chr08_35612,Eucgr.D02028,miRNA-target,3.0,Cleavage
Chr09_36711,Eucgr.F03409,miRNA-target,3.0,Translation
Chr09_36711,Eucgr.K01681,miRNA-target,3.0,Cleavage
Chr09_36714,Eucgr.A00726,miRNA-target,3.0,Cleavage
Chr09_36714,Eucgr.J01412,miRNA-target,3.0,Cleavage
Chr09_36718,Eucgr.F01711,miRNA-target,3.0,Cleavage
Chr09_36718,Eucgr.C00008,miRNA-target,3.0,Cleavage
Chr09_36718,Eucgr.E00311,miRNA-target,3.0,Cleavage
Chr09_36718,Eucgr.E00311,miRNA-target,3.0,Cleavage
Chr09_36718,Eucgr.E00311,miRNA-target,3.0,Cleavage
Chr09_36718,Eucgr.E00311,miRNA-target,3.0,Cleavage
Chr09_36718,Eucgr.E00311,miRNA-target,3.0,Cleavage
Chr10_40549,Eucgr.A01709,miRNA-target,3.0,Cleavage
Chr10_40549,Eucgr.A01709,miRNA-target,3.0,Cleavage
Chr10_40549,Eucgr.D00907,miRNA-target,3.0,Cleavage
Chr10_40549,Eucgr.D00907,miRNA-target,3.0,Cleavage
Chr10_40549,Eucgr.D00907,miRNA-target,3.0,Cleavage
Chr10_40549,Eucgr.D01503,miRNA-target,3.0,Cleavage
Chr10_40549,Eucgr.K03271,miRNA-target,3.0,Cleavage
Chr10_40549,Eucgr.L02794,miRNA-target,3.0,Cleavage
Chr10_40549,Eucgr.G00901,miRNA-target,3.0,Cleavage
Chr10_40549,Eucgr.G00904,miRNA-target,3.0,Cleavage
Chr10_40549,Eucgr.G02483,miRNA-target,3.0,Cleavage
Chr10_40549,Eucgr.J01434,miRNA-target,3.0,Cleavage
Chr10_40549,Eucgr.K02663,miRNA-target,3.0,Cleavage
Chr10_41135,Eucgr.I01815,miRNA-target,3.0,Cleavage
Chr10_41135,Eucgr.H04431,miRNA-target,3.0,Cleavage
Chr10_41201,Eucgr.H00382,miRNA-target,3.0,Cleavage
Chr10_41201,Eucgr.H00378,miRNA-target,3.0,Cleavage
Chr10_41201,Eucgr.H01423,miRNA-target,3.0,Cleavage
Chr10_41201,Eucgr.H01423,miRNA-target,3.0,Cleavage
Chr10_41201,Eucgr.H01423,miRNA-target,3.0,Cleavage
Chr10_41575,Eucgr.H03480,miRNA-target,3.0,Cleavage
Chr10_41575,Eucgr.H03480,miRNA-target,3.0,Cleavage
Chr11_41982,Eucgr.H04081,miRNA-target,3.0,Cleavage
Chr11_41982,Eucgr.I00178,miRNA-target,3.0,Cleavage
Chr11_41982,Eucgr.F01130,miRNA-target,3.0,Cleavage
Chr11_41982,Eucgr.F01130,miRNA-target,3.0,Cleavage
Chr11_41982,Eucgr.I02373,miRNA-target,3.0,Cleavage
Chr11_41982,Eucgr.G00775,miRNA-target,3.0,Translation
Chr11_41982,Eucgr.I00188,miRNA-target,3.0,Cleavage
Chr11_41982,Eucgr.K00636,miRNA-target,3.0,Cleavage
Chr11_41982,Eucgr.F04101,miRNA-target,3.0,Cleavage
Chr11_41982,Eucgr.G00881,miRNA-target,3.0,Cleavage
Chr11_41982,Eucgr.C01163,miRNA-target,3.0,Cleavage
Chr11_41982,Eucgr.G00620,miRNA-target,3.0,Cleavage
Chr11_41982,Eucgr.H03154,miRNA-target,3.0,Cleavage
Chr11_41982,Eucgr.H03154,miRNA-target,3.0,Cleavage
Chr11_42092,Eucgr.H01423,miRNA-target,3.0,Cleavage
Chr11_42092,Eucgr.H01423,miRNA-target,3.0,Cleavage
Chr11_42092,Eucgr.H01423,miRNA-target,3.0,Cleavage
Chr11_42092,Eucgr.K01870,miRNA-target,3.0,Cleavage
Chr11_42092,Eucgr.B01536,miRNA-target,3.0,Translation
Chr11_42092,Eucgr.I02335,miRNA-target,3.0,Cleavage
Chr11_42092,Eucgr.F02882,miRNA-target,3.0,Cleavage
Chr11_43106,Eucgr.H03321,miRNA-target,3.0,Cleavage
Chr11_44314,Eucgr.B02594,miRNA-target,3.0,Cleavage
Chr11_44314,Eucgr.B01363,miRNA-target,3.0,Cleavage
Egr-miR156a,Eucgr.E01830,miRNA-target,3.0,Cleavage
Egr-miR156a,Eucgr.E01830,miRNA-target,3.0,Cleavage
Egr-miR156a,Eucgr.A00359,miRNA-target,3.0,Cleavage
Egr-miR156a,Eucgr.K00131,miRNA-target,3.0,Cleavage
Egr-miR156a,Eucgr.G00982,miRNA-target,3.0,Cleavage
Egr-miR156b,Eucgr.E01830,miRNA-target,3.0,Cleavage
Egr-miR156b,Eucgr.E01830,miRNA-target,3.0,Cleavage
Egr-miR156b,Eucgr.A00359,miRNA-target,3.0,Cleavage
Egr-miR156b,Eucgr.K00131,miRNA-target,3.0,Cleavage
Egr-miR156b,Eucgr.G00982,miRNA-target,3.0,Cleavage
Egr-miR156d,Eucgr.A00359,miRNA-target,3.0,Cleavage
Egr-miR156d,Eucgr.E01830,miRNA-target,3.0,Cleavage
Egr-miR156d,Eucgr.E01830,miRNA-target,3.0,Cleavage
Egr-miR156d,Eucgr.K03390,miRNA-target,3.0,Cleavage
Egr-miR156d,Eucgr.J01144,miRNA-target,3.0,Cleavage
Egr-miR156e,Eucgr.A00359,miRNA-target,3.0,Cleavage
Egr-miR156e,Eucgr.E01830,miRNA-target,3.0,Cleavage
Egr-miR156e,Eucgr.E01830,miRNA-target,3.0,Cleavage
Egr-miR156e,Eucgr.K03390,miRNA-target,3.0,Cleavage
Egr-miR156e,Eucgr.J01144,miRNA-target,3.0,Cleavage
Egr-miR156f,Eucgr.A00359,miRNA-target,3.0,Cleavage
Egr-miR156f,Eucgr.E01830,miRNA-target,3.0,Cleavage
Egr-miR156f,Eucgr.E01830,miRNA-target,3.0,Cleavage
Egr-miR156f,Eucgr.K03390,miRNA-target,3.0,Cleavage
Egr-miR156f,Eucgr.J01144,miRNA-target,3.0,Cleavage
Egr-miR156h,Eucgr.A00359,miRNA-target,3.0,Cleavage
Egr-miR156h,Eucgr.E01830,miRNA-target,3.0,Cleavage
Egr-miR156h,Eucgr.E01830,miRNA-target,3.0,Cleavage
Egr-miR156h,Eucgr.K03390,miRNA-target,3.0,Cleavage
Egr-miR156h,Eucgr.J01144,miRNA-target,3.0,Cleavage
Egr-miR156i,Eucgr.A00359,miRNA-target,3.0,Cleavage
Egr-miR156i,Eucgr.E01830,miRNA-target,3.0,Cleavage
Egr-miR156i,Eucgr.E01830,miRNA-target,3.0,Cleavage
Egr-miR156i,Eucgr.K03390,miRNA-target,3.0,Cleavage
Egr-miR156i,Eucgr.J01144,miRNA-target,3.0,Cleavage
Egr-miR156j,Eucgr.A00359,miRNA-target,3.0,Cleavage
Egr-miR156j,Eucgr.E01830,miRNA-target,3.0,Cleavage
Egr-miR156j,Eucgr.E01830,miRNA-target,3.0,Cleavage
Egr-miR156j,Eucgr.K03390,miRNA-target,3.0,Cleavage
Egr-miR156j,Eucgr.J01144,miRNA-target,3.0,Cleavage
Egr-miR156k,Eucgr.H00012,miRNA-target,3.0,Cleavage
Egr-miR156k,Eucgr.L02705,miRNA-target,3.0,Cleavage
Egr-miR156k,Eucgr.J02454,miRNA-target,3.0,Cleavage
Egr-miR156k,Eucgr.B03328,miRNA-target,3.0,Translation
Egr-miR156k,Eucgr.C03336,miRNA-target,3.0,Cleavage
Egr-miR156k,Eucgr.C03645,miRNA-target,3.0,Cleavage
Egr-miR156k,Eucgr.A01661,miRNA-target,3.0,Cleavage
Egr-miR156k,Eucgr.J01777,miRNA-target,3.0,Cleavage
Egr-miR156k,Eucgr.J01777,miRNA-target,3.0,Cleavage
Egr-miR156k,Eucgr.K01705,miRNA-target,3.0,Cleavage
Egr-miR156k,Eucgr.H03592,miRNA-target,3.0,Cleavage
Egr-miR156k,Eucgr.K01705,miRNA-target,3.0,Cleavage
Egr-miR156k,Eucgr.H03592,miRNA-target,3.0,Cleavage
Egr-miR156k,Eucgr.K02109,miRNA-target,3.0,Translation
Egr-miR156l,Eucgr.A02933,miRNA-target,3.0,Cleavage
Egr-miR156l,Eucgr.F00587,miRNA-target,3.0,Cleavage
Egr-miR156l,Eucgr.C03200,miRNA-target,3.0,Cleavage
Egr-miR156l,Eucgr.C03202,miRNA-target,3.0,Cleavage
Egr-miR156l,Eucgr.F02016,miRNA-target,3.0,Cleavage
Egr-miR156l,Eucgr.J02124,miRNA-target,3.0,Cleavage
Egr-miR156l,Eucgr.E01777,miRNA-target,3.0,Cleavage
Egr-miR156l,Eucgr.G02582,miRNA-target,3.0,Cleavage
Egr-miR156l,Eucgr.G02582,miRNA-target,3.0,Cleavage
Egr-miR156l,Eucgr.J02987,miRNA-target,3.0,Cleavage
Egr-miR156l,Eucgr.J02987,miRNA-target,3.0,Cleavage
Egr-miR156l,Eucgr.F01980,miRNA-target,3.0,Cleavage
Egr-miR156l,Eucgr.D00519,miRNA-target,3.0,Cleavage
Egr-miR156m,Eucgr.A02933,miRNA-target,3.0,Cleavage
Egr-miR156m,Eucgr.F00587,miRNA-target,3.0,Cleavage
Egr-miR156m,Eucgr.C03200,miRNA-target,3.0,Cleavage
Egr-miR156m,Eucgr.C03202,miRNA-target,3.0,Cleavage
Egr-miR156m,Eucgr.F02016,miRNA-target,3.0,Cleavage
Egr-miR156m,Eucgr.J02124,miRNA-target,3.0,Cleavage
Egr-miR156m,Eucgr.E01777,miRNA-target,3.0,Cleavage
Egr-miR156m,Eucgr.G02582,miRNA-target,3.0,Cleavage
Egr-miR156m,Eucgr.G02582,miRNA-target,3.0,Cleavage
Egr-miR156m,Eucgr.J02987,miRNA-target,3.0,Cleavage
Egr-miR156m,Eucgr.J02987,miRNA-target,3.0,Cleavage
Egr-miR156m,Eucgr.F01980,miRNA-target,3.0,Cleavage
Egr-miR156m,Eucgr.D00519,miRNA-target,3.0,Cleavage
Egr-miR156n,Eucgr.A02933,miRNA-target,3.0,Cleavage
Egr-miR156n,Eucgr.F00587,miRNA-target,3.0,Cleavage
Egr-miR156n,Eucgr.C03200,miRNA-target,3.0,Cleavage
Egr-miR156n,Eucgr.C03202,miRNA-target,3.0,Cleavage
Egr-miR156n,Eucgr.F02016,miRNA-target,3.0,Cleavage
Egr-miR156n,Eucgr.J02124,miRNA-target,3.0,Cleavage
Egr-miR156n,Eucgr.E01777,miRNA-target,3.0,Cleavage
Egr-miR156n,Eucgr.G02582,miRNA-target,3.0,Cleavage
Egr-miR156n,Eucgr.G02582,miRNA-target,3.0,Cleavage
Egr-miR156n,Eucgr.J02987,miRNA-target,3.0,Cleavage
Egr-miR156n,Eucgr.J02987,miRNA-target,3.0,Cleavage
Egr-miR156n,Eucgr.F01980,miRNA-target,3.0,Cleavage
Egr-miR156n,Eucgr.D00519,miRNA-target,3.0,Cleavage
Egr-miR156o,Eucgr.A00359,miRNA-target,3.0,Cleavage
Egr-miR156o,Eucgr.E01830,miRNA-target,3.0,Cleavage
Egr-miR156o,Eucgr.E01830,miRNA-target,3.0,Cleavage
Egr-miR156o,Eucgr.K03390,miRNA-target,3.0,Cleavage
Egr-miR156o,Eucgr.J01144,miRNA-target,3.0,Cleavage
Egr-miR164a,Eucgr.D01503,miRNA-target,3.0,Cleavage
Egr-miR164a,Eucgr.E03848,miRNA-target,3.0,Translation
Egr-miR164a,Eucgr.E03850,miRNA-target,3.0,Translation
Egr-miR164a,Eucgr.E03850,miRNA-target,3.0,Translation
Egr-miR164a,Eucgr.E03850,miRNA-target,3.0,Translation
Egr-miR164a,Eucgr.K01669,miRNA-target,3.0,Cleavage
Egr-miR164a,Eucgr.K01669,miRNA-target,3.0,Cleavage
Egr-miR164a,Eucgr.K01669,miRNA-target,3.0,Cleavage
Egr-miR164a,Eucgr.B02388,miRNA-target,3.0,Cleavage
Egr-miR164a,Eucgr.C00432,miRNA-target,3.0,Cleavage
Egr-miR164a,Eucgr.D01196,miRNA-target,3.0,Cleavage
Egr-miR164a,Eucgr.B00719,miRNA-target,3.0,Cleavage
Egr-miR165b,Eucgr.D00593,miRNA-target,3.0,Cleavage
Egr-miR165b,Eucgr.D00593,miRNA-target,3.0,Cleavage
Egr-miR165b,Eucgr.J01766,miRNA-target,3.0,Translation
Egr-miR165b,Eucgr.J01766,miRNA-target,3.0,Translation
Egr-miR165b,Eucgr.D00592,miRNA-target,3.0,Cleavage
Egr-miR165b,Eucgr.D00591,miRNA-target,3.0,Cleavage
Egr-miR165b,Eucgr.D00595,miRNA-target,3.0,Cleavage
Egr-miR165b,Eucgr.L01216,miRNA-target,3.0,Cleavage
Egr-miR165b,Eucgr.C02388,miRNA-target,3.0,Cleavage
Egr-miR165b,Eucgr.C02388,miRNA-target,3.0,Cleavage
Egr-miR165b,Eucgr.F03104,miRNA-target,3.0,Cleavage
Egr-miR165e,Eucgr.D00593,miRNA-target,3.0,Cleavage
Egr-miR165e,Eucgr.D00593,miRNA-target,3.0,Cleavage
Egr-miR165e,Eucgr.D00592,miRNA-target,3.0,Cleavage
Egr-miR165e,Eucgr.D00591,miRNA-target,3.0,Cleavage
Egr-miR165e,Eucgr.D00595,miRNA-target,3.0,Cleavage
Egr-miR165e,Eucgr.J01766,miRNA-target,3.0,Translation
Egr-miR165e,Eucgr.J01766,miRNA-target,3.0,Translation
Egr-miR165e,Eucgr.L01216,miRNA-target,3.0,Cleavage
Egr-miR165e,Eucgr.C02388,miRNA-target,3.0,Cleavage
Egr-miR165e,Eucgr.C02388,miRNA-target,3.0,Cleavage
Egr-miR165e,Eucgr.F03104,miRNA-target,3.0,Cleavage
Egr-miR165f,Eucgr.D00593,miRNA-target,3.0,Cleavage
Egr-miR165f,Eucgr.D00593,miRNA-target,3.0,Cleavage
Egr-miR165f,Eucgr.D00592,miRNA-target,3.0,Cleavage
Egr-miR165f,Eucgr.D00591,miRNA-target,3.0,Cleavage
Egr-miR165f,Eucgr.D00595,miRNA-target,3.0,Cleavage
Egr-miR165f,Eucgr.J01766,miRNA-target,3.0,Translation
Egr-miR165f,Eucgr.J01766,miRNA-target,3.0,Translation
Egr-miR165f,Eucgr.L01216,miRNA-target,3.0,Cleavage
Egr-miR165f,Eucgr.C02388,miRNA-target,3.0,Cleavage
Egr-miR165f,Eucgr.C02388,miRNA-target,3.0,Cleavage
Egr-miR165f,Eucgr.F03104,miRNA-target,3.0,Cleavage
Egr-miR167a,Eucgr.F04001,miRNA-target,3.0,Cleavage
Egr-miR167a,Eucgr.H00603,miRNA-target,3.0,Cleavage
Egr-miR167a,Eucgr.H00605,miRNA-target,3.0,Cleavage
Egr-miR167a,Eucgr.H00600,miRNA-target,3.0,Cleavage
Egr-miR167b,Eucgr.F00749,miRNA-target,3.0,Cleavage
Egr-miR167b,Eucgr.H00555,miRNA-target,3.0,Cleavage
Egr-miR167b,Eucgr.H02647,miRNA-target,3.0,Cleavage
Egr-miR167b,Eucgr.H02645,miRNA-target,3.0,Cleavage
Egr-miR167b,Eucgr.F03026,miRNA-target,3.0,Cleavage
Egr-miR167b,Eucgr.K02068,miRNA-target,3.0,Cleavage
Egr-miR167b,Eucgr.K02068,miRNA-target,3.0,Cleavage
Egr-miR167c,Eucgr.F04001,miRNA-target,3.0,Cleavage
Egr-miR167c,Eucgr.H00603,miRNA-target,3.0,Cleavage
Egr-miR167c,Eucgr.H00605,miRNA-target,3.0,Cleavage
Egr-miR167c,Eucgr.H00600,miRNA-target,3.0,Cleavage
Egr-miR396a,Eucgr.F04420,miRNA-target,3.0,Cleavage
Egr-miR396a,Eucgr.D01674,miRNA-target,3.0,Cleavage
Egr-miR396a,Eucgr.D02603,miRNA-target,3.0,Cleavage
Egr-miR396a,Eucgr.I01183,miRNA-target,3.0,Cleavage
Egr-miR396a,Eucgr.I01183,miRNA-target,3.0,Cleavage
Egr-miR396a,Eucgr.A01418,miRNA-target,3.0,Cleavage
Egr-miR396a,Eucgr.A01534,miRNA-target,3.0,Cleavage
Egr-miR396a,Eucgr.C00823,miRNA-target,3.0,Cleavage
Egr-miR396a,Eucgr.A01418,miRNA-target,3.0,Cleavage
Egr-miR396a,Eucgr.F00097,miRNA-target,3.0,Cleavage
Egr-miR396a,Eucgr.L00593,miRNA-target,3.0,Cleavage
Egr-miR396a,Eucgr.I00852,miRNA-target,3.0,Cleavage
Egr-miR396a,Eucgr.E00070,miRNA-target,3.0,Cleavage
Egr-miR396a,Eucgr.D01126,miRNA-target,3.0,Cleavage
Egr-miR396a,Eucgr.D01126,miRNA-target,3.0,Cleavage
Egr-miR396a,Eucgr.B02507,miRNA-target,3.0,Cleavage
Egr-miR396a,Eucgr.D01758,miRNA-target,3.0,Cleavage
Egr-miR396a,Eucgr.D01758,miRNA-target,3.0,Cleavage
Egr-miR396a,Eucgr.D01758,miRNA-target,3.0,Cleavage
Egr-miR396a,Eucgr.D01758,miRNA-target,3.0,Cleavage
Egr-miR396a,Eucgr.K03591,miRNA-target,3.0,Cleavage
Egr-miR396a,Eucgr.B02505,miRNA-target,3.0,Cleavage
Egr-miR396a,Eucgr.B02505,miRNA-target,3.0,Cleavage
Egr-miR396a,Eucgr.B02279,miRNA-target,3.0,Cleavage
Egr-miR396a,Eucgr.J01882,miRNA-target,3.0,Cleavage
Egr-miR396a,Eucgr.G01806,miRNA-target,3.0,Cleavage
Egr-miR396a,Eucgr.H02264,miRNA-target,3.0,Cleavage
Egr-miR396a,Eucgr.D00919,miRNA-target,3.0,Cleavage
Egr-miR396a,Eucgr.L00961,miRNA-target,3.0,Cleavage
Egr-miR396a,Eucgr.B00260,miRNA-target,3.0,Cleavage
Egr-miR396a,Eucgr.K01667,miRNA-target,3.0,Cleavage
Egr-miR396a,Eucgr.K01667,miRNA-target,3.0,Cleavage
Egr-miR396a,Eucgr.D00923,miRNA-target,3.0,Cleavage
Egr-miR396a,Eucgr.D00923,miRNA-target,3.0,Cleavage
Egr-miR396a,Eucgr.A02497,miRNA-target,3.0,Cleavage
Egr-miR396a,Eucgr.B02351,miRNA-target,3.0,Cleavage
Egr-miR396a,Eucgr.L02994,miRNA-target,3.0,Cleavage
Egr-miR396c,Eucgr.F04420,miRNA-target,3.0,Cleavage
Egr-miR396c,Eucgr.D01674,miRNA-target,3.0,Cleavage
Egr-miR396c,Eucgr.D02603,miRNA-target,3.0,Cleavage
Egr-miR396c,Eucgr.I01183,miRNA-target,3.0,Cleavage
Egr-miR396c,Eucgr.I01183,miRNA-target,3.0,Cleavage
Egr-miR396c,Eucgr.A01418,miRNA-target,3.0,Cleavage
Egr-miR396c,Eucgr.A01534,miRNA-target,3.0,Cleavage
Egr-miR396c,Eucgr.C00823,miRNA-target,3.0,Cleavage
Egr-miR396c,Eucgr.A01418,miRNA-target,3.0,Cleavage
Egr-miR396c,Eucgr.F00097,miRNA-target,3.0,Cleavage
Egr-miR396c,Eucgr.L00593,miRNA-target,3.0,Cleavage
Egr-miR396c,Eucgr.I00852,miRNA-target,3.0,Cleavage
Egr-miR396c,Eucgr.E00070,miRNA-target,3.0,Cleavage
Egr-miR396c,Eucgr.D01126,miRNA-target,3.0,Cleavage
Egr-miR396c,Eucgr.D01126,miRNA-target,3.0,Cleavage
Egr-miR396c,Eucgr.B02507,miRNA-target,3.0,Cleavage
Egr-miR396c,Eucgr.D01758,miRNA-target,3.0,Cleavage
Egr-miR396c,Eucgr.D01758,miRNA-target,3.0,Cleavage
Egr-miR396c,Eucgr.D01758,miRNA-target,3.0,Cleavage
Egr-miR396c,Eucgr.D01758,miRNA-target,3.0,Cleavage
Egr-miR396c,Eucgr.K03591,miRNA-target,3.0,Cleavage
Egr-miR396c,Eucgr.B02505,miRNA-target,3.0,Cleavage
Egr-miR396c,Eucgr.B02505,miRNA-target,3.0,Cleavage
Egr-miR396c,Eucgr.B02279,miRNA-target,3.0,Cleavage
Egr-miR396c,Eucgr.J01882,miRNA-target,3.0,Cleavage
Egr-miR396c,Eucgr.G01806,miRNA-target,3.0,Cleavage
Egr-miR396c,Eucgr.H02264,miRNA-target,3.0,Cleavage
Egr-miR396c,Eucgr.D00919,miRNA-target,3.0,Cleavage
Egr-miR396c,Eucgr.L00961,miRNA-target,3.0,Cleavage
Egr-miR396c,Eucgr.B00260,miRNA-target,3.0,Cleavage
Egr-miR396c,Eucgr.K01667,miRNA-target,3.0,Cleavage
Egr-miR396c,Eucgr.K01667,miRNA-target,3.0,Cleavage
Egr-miR396c,Eucgr.D00923,miRNA-target,3.0,Cleavage
Egr-miR396c,Eucgr.D00923,miRNA-target,3.0,Cleavage
Egr-miR396c,Eucgr.A02497,miRNA-target,3.0,Cleavage
Egr-miR396c,Eucgr.B02351,miRNA-target,3.0,Cleavage
Egr-miR396c,Eucgr.L02994,miRNA-target,3.0,Cleavage
Egr-miR482a,Eucgr.L01911,miRNA-target,3.0,Cleavage
Egr-miR482a,Eucgr.D02633,miRNA-target,3.0,Cleavage
Egr-miR482a,Eucgr.A02363,miRNA-target,3.0,Cleavage
Egr-miR482a,Eucgr.D02632,miRNA-target,3.0,Cleavage
Egr-miR482a,Eucgr.L01909,miRNA-target,3.0,Cleavage
Egr-miR482a,Eucgr.B03389,miRNA-target,3.0,Cleavage
Egr-miR482a,Eucgr.K00653,miRNA-target,3.0,Cleavage
Egr-miR482a,Eucgr.I02709,miRNA-target,3.0,Cleavage
Egr-miR482a,Eucgr.I02709,miRNA-target,3.0,Cleavage
Egr-miR482a,Eucgr.I02520,miRNA-target,3.0,Cleavage
Egr-miR482a,Eucgr.I02520,miRNA-target,3.0,Cleavage
Egr-miR482a,Eucgr.I02520,miRNA-target,3.0,Cleavage
Egr-miR482a,Eucgr.F00834,miRNA-target,3.0,Cleavage
Egr-miR482a,Eucgr.E01306,miRNA-target,3.0,Cleavage
Egr-miR482a,Eucgr.K01281,miRNA-target,3.0,Cleavage
Egr-miR482a,Eucgr.E01301,miRNA-target,3.0,Cleavage
Egr-miR482a,Eucgr.C01654,miRNA-target,3.0,Cleavage
Egr-miR482a,Eucgr.C01968,miRNA-target,3.0,Cleavage
Egr-miR482a,Eucgr.C03444,miRNA-target,3.0,Cleavage
Egr-miR482a,Eucgr.D02653,miRNA-target,3.0,Cleavage
Egr-miR482a,Eucgr.F02820,miRNA-target,3.0,Cleavage
Egr-miR482a,Eucgr.F02820,miRNA-target,3.0,Cleavage
Egr-miR482a,Eucgr.E04347,miRNA-target,3.0,Cleavage
Egr-miR482a,Eucgr.E02771,miRNA-target,3.0,Cleavage
Egr-miR482a,Eucgr.A02292,miRNA-target,3.0,Cleavage
Egr-miR482a,Eucgr.A02292,miRNA-target,3.0,Cleavage
Egr-miR482a,Eucgr.B03545,miRNA-target,3.0,Translation
Egr-miR482a,Eucgr.B03652,miRNA-target,3.0,Translation
Egr-miR482a,Eucgr.J00359,miRNA-target,3.0,Translation
Egr-miR482a,Eucgr.E00044,miRNA-target,3.0,Cleavage
Egr-miR482a,Eucgr.H02956,miRNA-target,3.0,Cleavage
Egr-miR482b,Eucgr.C02142,miRNA-target,3.0,Translation
Egr-miR482b,Eucgr.C02141,miRNA-target,3.0,Translation
Egr-miR482b,Eucgr.C02141,miRNA-target,3.0,Translation
Egr-miR482b,Eucgr.C02141,miRNA-target,3.0,Translation
Egr-miR482b,Eucgr.C02141,miRNA-target,3.0,Translation
Egr-miR482b,Eucgr.C01920,miRNA-target,3.0,Cleavage
Egr-miR482b,Eucgr.H05056,miRNA-target,3.0,Translation
Egr-miR482b,Eucgr.H05056,miRNA-target,3.0,Translation
Egr-miR482b,Eucgr.H05056,miRNA-target,3.0,Translation
Egr-miR482b,Eucgr.E01979,miRNA-target,3.0,Translation
Egr-miR482b,Eucgr.E01971,miRNA-target,3.0,Translation
Egr-miR482b,Eucgr.H05056,miRNA-target,3.0,Translation
Egr-miR482b,Eucgr.E02001,miRNA-target,3.0,Cleavage
Egr-miR482b,Eucgr.L01406,miRNA-target,3.0,Cleavage
Egr-miR482b,Eucgr.C02558,miRNA-target,3.0,Translation
Egr-miR482b,Eucgr.C04271,miRNA-target,3.0,Translation
Egr-miR482b,Eucgr.G00728,miRNA-target,3.0,Translation
Egr-miR482b,Eucgr.C02108,miRNA-target,3.0,Cleavage
Egr-miR482b,Eucgr.H03707,miRNA-target,3.0,Translation
Egr-miR482b,Eucgr.H03528,miRNA-target,3.0,Translation
Egr-miR482b,Eucgr.H03827,miRNA-target,3.0,Cleavage
Egr-miR482b,Eucgr.C02112,miRNA-target,3.0,Cleavage
Egr-miR482b,Eucgr.F01325,miRNA-target,3.0,Cleavage
Egr-miR482b,Eucgr.H03809,miRNA-target,3.0,Translation
Egr-miR482b,Eucgr.C01654,miRNA-target,3.0,Translation
Egr-miR482b,Eucgr.C01968,miRNA-target,3.0,Translation
Egr-miR482b,Eucgr.L02313,miRNA-target,3.0,Cleavage
Egr-miR482b,Eucgr.I00699,miRNA-target,3.0,Cleavage
Egr-miR482b,Eucgr.L00471,miRNA-target,3.0,Translation
Egr-miR482b,Eucgr.H02580,miRNA-target,3.0,Translation
Egr-miR482b,Eucgr.E03438,miRNA-target,3.0,Translation
Egr-miR482b,Eucgr.C00311,miRNA-target,3.0,Translation
Egr-miR482b,Eucgr.C00525,miRNA-target,3.0,Translation
Egr-miR482b,Eucgr.C01430,miRNA-target,3.0,Translation
Egr-miR482b,Eucgr.F03896,miRNA-target,3.0,Translation
Egr-miR482b,Eucgr.L01200,miRNA-target,3.0,Translation
Egr-miR482b,Eucgr.F00839,miRNA-target,3.0,Translation
Egr-miR482b,Eucgr.C00001,miRNA-target,3.0,Translation
Egr-miR482b,Eucgr.F03913,miRNA-target,3.0,Translation
Egr-miR482b,Eucgr.F00834,miRNA-target,3.0,Translation
Egr-miR482b,Eucgr.F00825,miRNA-target,3.0,Translation
Egr-miR482b,Eucgr.B01032,miRNA-target,3.0,Cleavage
Egr-miR482b,Eucgr.F00823,miRNA-target,3.0,Translation
Egr-miR482b,Eucgr.F01653,miRNA-target,3.0,Translation
Egr-miR482b,Eucgr.C00020,miRNA-target,3.0,Translation
Egr-miR482b,Eucgr.F00837,miRNA-target,3.0,Translation
Egr-miR482b,Eucgr.F00830,miRNA-target,3.0,Translation
Egr-miR482b,Eucgr.F01022,miRNA-target,3.0,Translation
Egr-miR482b,Eucgr.C00539,miRNA-target,3.0,Translation
Egr-miR535a,Eucgr.F03687,miRNA-target,3.0,Cleavage
Egr-miR535a,Eucgr.L00657,miRNA-target,3.0,Cleavage
Egr-miR535a,Eucgr.A02258,miRNA-target,3.0,Cleavage
Egr-miR535a,Eucgr.A02258,miRNA-target,3.0,Cleavage
Egr-miR535a,Eucgr.F01428,miRNA-target,3.0,Cleavage
Egr-miR535a,Eucgr.H04616,miRNA-target,3.0,Translation
Egr-miR535b,Eucgr.F03687,miRNA-target,3.0,Cleavage
Egr-miR535b,Eucgr.L00657,miRNA-target,3.0,Cleavage
Egr-miR535b,Eucgr.A02258,miRNA-target,3.0,Cleavage
Egr-miR535b,Eucgr.A02258,miRNA-target,3.0,Cleavage
Egr-miR535b,Eucgr.F01428,miRNA-target,3.0,Cleavage
Egr-miR535b,Eucgr.H04616,miRNA-target,3.0,Translation
Egr-miRN5651,Eucgr.A01480,miRNA-target,3.0,Cleavage
Egr-miRN5651,Eucgr.H01205,miRNA-target,3.0,Cleavage
Egr-miRN5651,Eucgr.J00024,miRNA-target,3.0,Cleavage
Egr-miRN5652,Eucgr.F02859,miRNA-target,3.0,Translation
Egr-miRN5652,Eucgr.K00641,miRNA-target,3.0,Translation
Egr-miRN5652,Eucgr.H03528,miRNA-target,3.0,Cleavage
Egr-miRN5652,Eucgr.E00053,miRNA-target,3.0,Cleavage
Egr-miRN5652,Eucgr.E04075,miRNA-target,3.0,Cleavage
Egr-miRN5652,Eucgr.D00785,miRNA-target,3.0,Cleavage
Egr-miRN5652,Eucgr.E00547,miRNA-target,3.0,Cleavage
Egr-miRN5652,Eucgr.E00547,miRNA-target,3.0,Cleavage
Egr-miRN5654,Eucgr.F04355,miRNA-target,3.0,Translation
Egr-miRN5654,Eucgr.F04355,miRNA-target,3.0,Translation
Egr-miRN5654,Eucgr.B03521,miRNA-target,3.0,Cleavage
Egr-miRN5654,Eucgr.B03521,miRNA-target,3.0,Cleavage
Egr-miRN5654,Eucgr.B01463,miRNA-target,3.0,Cleavage
Egr-miRN5654,Eucgr.B01463,miRNA-target,3.0,Cleavage
Egr-miRN5654,Eucgr.B01463,miRNA-target,3.0,Cleavage
Egr-miRN5654,Eucgr.F01074,miRNA-target,3.0,Cleavage
Egr-miRN5654,Eucgr.A00916,miRNA-target,3.0,Cleavage
Egr-miRN5654,Eucgr.C04151,miRNA-target,3.0,Cleavage
Egr-miRN5668,Eucgr.B02121,miRNA-target,3.0,Cleavage
Egr-miRN5668,Eucgr.J01689,miRNA-target,3.0,Cleavage
Egr-miRN5668,Eucgr.K00937,miRNA-target,3.0,Translation
Egr-miRN5668,Eucgr.G02946,miRNA-target,3.0,Cleavage
Egr-miRN5668,Eucgr.G02946,miRNA-target,3.0,Cleavage
Egr-miRN5668,Eucgr.A02935,miRNA-target,3.0,Cleavage
Egr-miRN5674,Eucgr.A00437,miRNA-target,3.0,Cleavage
Egr-miRN5674,Eucgr.A00357,miRNA-target,3.0,Cleavage
Egr-miRN5674,Eucgr.A00357,miRNA-target,3.0,Cleavage
Egr-miRN5674,Eucgr.G01066,miRNA-target,3.0,Cleavage
Egr-miRN5674,Eucgr.G01550,miRNA-target,3.0,Cleavage
Egr-miRN5674,Eucgr.F04235,miRNA-target,3.0,Cleavage
Egr-miRN5674,Eucgr.L01867,miRNA-target,3.0,Cleavage
scaffold_1630_46529,Eucgr.F01711,miRNA-target,3.0,Cleavage
scaffold_1630_46529,Eucgr.C00008,miRNA-target,3.0,Cleavage
scaffold_1630_46529,Eucgr.E00311,miRNA-target,3.0,Cleavage
scaffold_1630_46529,Eucgr.E00311,miRNA-target,3.0,Cleavage
scaffold_1630_46529,Eucgr.E00311,miRNA-target,3.0,Cleavage
scaffold_1630_46529,Eucgr.E00311,miRNA-target,3.0,Cleavage
scaffold_1630_46529,Eucgr.E00311,miRNA-target,3.0,Cleavage
scaffold_233_45604,Eucgr.G02410,miRNA-target,3.0,Cleavage
scaffold_233_45604,Eucgr.J01430,miRNA-target,3.0,Cleavage
scaffold_233_45604,Eucgr.C03070,miRNA-target,3.0,Cleavage
scaffold_233_45604,Eucgr.C03070,miRNA-target,3.0,Cleavage
scaffold_233_45604,Eucgr.G01491,miRNA-target,3.0,Cleavage
scaffold_233_45604,Eucgr.H04503,miRNA-target,3.0,Cleavage
scaffold_233_45604,Eucgr.K02206,miRNA-target,3.0,Cleavage
scaffold_233_45604,Eucgr.K01151,miRNA-target,3.0,Cleavage
scaffold_368_45308,Eucgr.L03036,miRNA-target,3.0,Cleavage
scaffold_368_45308,Eucgr.E01979,miRNA-target,3.0,Cleavage
scaffold_368_45308,Eucgr.H02369,miRNA-target,3.0,Translation
scaffold_368_45308,Eucgr.D02412,miRNA-target,3.0,Cleavage
scaffold_368_45308,Eucgr.A00474,miRNA-target,3.0,Cleavage
scaffold_368_45308,Eucgr.A00474,miRNA-target,3.0,Cleavage
scaffold_368_45308,Eucgr.G01964,miRNA-target,3.0,Cleavage
scaffold_368_45308,Eucgr.J02295,miRNA-target,3.0,Cleavage
scaffold_368_45308,Eucgr.H02237,miRNA-target,3.0,Cleavage
scaffold_368_45308,Eucgr.H01292,miRNA-target,3.0,Cleavage
scaffold_368_45308,Eucgr.L00158,miRNA-target,3.0,Translation
scaffold_368_45308,Eucgr.F00845,miRNA-target,3.0,Cleavage
scaffold_368_45308,Eucgr.F00845,miRNA-target,3.0,Cleavage
scaffold_368_45308,Eucgr.I02070,miRNA-target,3.0,Cleavage
scaffold_368_45308,Eucgr.B01217,miRNA-target,3.0,Translation
scaffold_368_45308,Eucgr.G03354,miRNA-target,3.0,Cleavage
scaffold_368_47485,Eucgr.E03204,miRNA-target,3.0,Cleavage
scaffold_368_47485,Eucgr.C02758,miRNA-target,3.0,Cleavage
scaffold_368_47485,Eucgr.C02758,miRNA-target,3.0,Cleavage
scaffold_368_47485,Eucgr.J02025,miRNA-target,3.0,Cleavage
scaffold_368_47485,Eucgr.J00730,miRNA-target,3.0,Cleavage
scaffold_368_47485,Eucgr.C02167,miRNA-target,3.0,Cleavage
scaffold_368_47485,Eucgr.D00427,miRNA-target,3.0,Cleavage
scaffold_368_47485,Eucgr.J02764,miRNA-target,3.0,Cleavage
scaffold_368_47485,Eucgr.G01379,miRNA-target,3.0,Cleavage
scaffold_368_47485,Eucgr.L01342,miRNA-target,3.0,Cleavage
scaffold_368_47485,Eucgr.L02344,miRNA-target,3.0,Cleavage
scaffold_368_47485,Eucgr.D01053,miRNA-target,3.0,Cleavage
scaffold_368_47485,Eucgr.C01004,miRNA-target,3.0,Cleavage
scaffold_368_47485,Eucgr.C01004,miRNA-target,3.0,Cleavage
scaffold_368_47485,Eucgr.B03011,miRNA-target,3.0,Cleavage
scaffold_368_47485,Eucgr.G01611,miRNA-target,3.0,Cleavage
scaffold_368_47485,Eucgr.B01645,miRNA-target,3.0,Cleavage
scaffold_368_47485,Eucgr.H00605,miRNA-target,3.0,Cleavage
scaffold_368_47485,Eucgr.B01252,miRNA-target,3.0,Cleavage
scaffold_368_47485,Eucgr.H01928,miRNA-target,3.0,Cleavage
scaffold_46_44237,Eucgr.D01668,miRNA-target,3.0,Cleavage
scaffold_46_44237,Eucgr.J01177,miRNA-target,3.0,Cleavage
scaffold_46_44237,Eucgr.J01177,miRNA-target,3.0,Cleavage
scaffold_46_44237,Eucgr.J01177,miRNA-target,3.0,Cleavage
scaffold_46_44237,Eucgr.J01177,miRNA-target,3.0,Cleavage
scaffold_46_44237,Eucgr.J00854,miRNA-target,3.0,Cleavage
scaffold_46_44237,Eucgr.J00854,miRNA-target,3.0,Cleavage
scaffold_46_44237,Eucgr.J00854,miRNA-target,3.0,Cleavage
scaffold_46_44237,Eucgr.J00854,miRNA-target,3.0,Cleavage
scaffold_46_44237,Eucgr.J00854,miRNA-target,3.0,Cleavage
scaffold_46_44237,Eucgr.J00854,miRNA-target,3.0,Cleavage
scaffold_46_44237,Eucgr.B01002,miRNA-target,3.0,Cleavage
scaffold_46_44237,Eucgr.B01002,miRNA-target,3.0,Cleavage
scaffold_46_44237,Eucgr.B01002,miRNA-target,3.0,Cleavage
scaffold_46_44239,Eucgr.D01668,miRNA-target,3.0,Cleavage
scaffold_46_44239,Eucgr.J01177,miRNA-target,3.0,Cleavage
scaffold_46_44239,Eucgr.J01177,miRNA-target,3.0,Cleavage
scaffold_46_44239,Eucgr.J01177,miRNA-target,3.0,Cleavage
scaffold_46_44239,Eucgr.J01177,miRNA-target,3.0,Cleavage
scaffold_46_44239,Eucgr.J00854,miRNA-target,3.0,Cleavage
scaffold_46_44239,Eucgr.J00854,miRNA-target,3.0,Cleavage
scaffold_46_44239,Eucgr.J00854,miRNA-target,3.0,Cleavage
scaffold_46_44239,Eucgr.J00854,miRNA-target,3.0,Cleavage
scaffold_46_44239,Eucgr.J00854,miRNA-target,3.0,Cleavage
scaffold_46_44239,Eucgr.J00854,miRNA-target,3.0,Cleavage
scaffold_46_44239,Eucgr.B01002,miRNA-target,3.0,Cleavage
scaffold_46_44239,Eucgr.B01002,miRNA-target,3.0,Cleavage
scaffold_46_44239,Eucgr.B01002,miRNA-target,3.0,Cleavage
scaffold_46_44242,Eucgr.E00524,miRNA-target,3.0,Cleavage
scaffold_46_44242,Eucgr.D00620,miRNA-target,3.0,Cleavage
scaffold_46_44242,Eucgr.D00620,miRNA-target,3.0,Cleavage
scaffold_46_44242,Eucgr.D00620,miRNA-target,3.0,Cleavage
scaffold_46_44242,Eucgr.F01630,miRNA-target,3.0,Cleavage
scaffold_46_44242,Eucgr.B00090,miRNA-target,3.0,Cleavage
scaffold_46_44242,Eucgr.D01559,miRNA-target,3.0,Cleavage
scaffold_60_44348,Eucgr.G01271,miRNA-target,3.0,Cleavage
scaffold_60_44348,Eucgr.G03140,miRNA-target,3.0,Cleavage
scaffold_60_44348,Eucgr.F02219,miRNA-target,3.0,Cleavage
scaffold_60_44348,Eucgr.G01811,miRNA-target,3.0,Cleavage
scaffold_60_44348,Eucgr.A01301,miRNA-target,3.0,Cleavage
scaffold_60_44348,Eucgr.K01327,miRNA-target,3.0,Cleavage
scaffold_60_44348,Eucgr.C01635,miRNA-target,3.0,Cleavage
scaffold_60_44348,Eucgr.C01493,miRNA-target,3.0,Cleavage
scaffold_60_44348,Eucgr.K00559,miRNA-target,3.0,Cleavage
